Title,Date
"The American President","1/22/21"
"Bridgerton: Season 1: After the Rain","1/22/21"
"Bridgerton: Season 1: Oceans Apart","1/22/21"
"Bridgerton: Season 1: Swish","1/22/21"
"Bridgerton: Season 1: The Duke and I","1/22/21"
"Bridgerton: Season 1: An Affair of Honor","1/22/21"
"Bridgerton: Season 1: Art of the Swoon","1/22/21"
"Bridgerton: Season 1: Shock and Delight","1/21/21"
"Bridgerton: Season 1: Diamond of the First Water","1/21/21"
"Grey's Anatomy: Season 9: Going, Going, Gone","1/9/21"
"Grey's Anatomy: Season 8: Flight","1/9/21"
"Grey's Anatomy: Season 8: Migration","1/9/21"
"Grey's Anatomy: Season 8: Let the Bad Times Roll","1/9/21"
"Grey's Anatomy: Season 8: Moment Of Truth","1/6/21"
"Grey's Anatomy: Season 8: The Girl with No Name","1/6/21"
"Grey's Anatomy: Season 8: Support System","1/6/21"
"Grey's Anatomy: Season 8: The Lion Sleeps Tonight","1/6/21"
"Grey's Anatomy: Season 8: One Step Too Far","1/5/21"
"Grey's Anatomy: Season 8: If Only You Were Lonely","1/4/21"
"Grey's Anatomy: Season 8: Have You Seen Me Lately","1/4/21"
"Grey's Anatomy: Season 8: All You Need Is Love","1/4/21"
"Grey's Anatomy: Season 8: If/Then","1/4/21"
"Grey's Anatomy: Season 8: Hope for the Hopeless","1/4/21"
"Grey's Anatomy: Season 8: This Magic Moment","1/4/21"
"Grey's Anatomy: Season 8: Suddenly","1/4/21"
"Grey's Anatomy: Season 8: Dark Was the Night","1/4/21"
"Grey's Anatomy: Season 8: Heart-Shaped Box","1/4/21"
"Grey's Anatomy: Season 8: Put Me in, Coach","1/3/21"
"Grey's Anatomy: Season 8: Poker Face","1/3/21"
"Grey's Anatomy: Season 8: Love, Loss and Legacy","1/3/21"
"Grey's Anatomy: Season 8: What Is It About Men","1/3/21"
"Grey's Anatomy: Season 8: Take the Lead","1/3/21"
"Grey's Anatomy: Season 8: She's Gone","1/3/21"
"Grey's Anatomy: Season 8: Free Falling","1/3/21"
"Grey's Anatomy: Season 7: Unaccompanied Minor","1/3/21"
"Grey's Anatomy: Season 7: I Will Survive","1/2/21"
"Grey's Anatomy: Season 7: White Wedding","1/2/21"
"Grey's Anatomy: Season 7: It's a Long Way Back","1/2/21"
"Grey's Anatomy: Season 7: Song Beneath the Song","1/2/21"
"Grey's Anatomy: Season 7: This Is How We Do It","1/2/21"
"Grey's Anatomy: Season 7: Not Responsible","1/2/21"
"Grey's Anatomy: Season 7: Golden Hour","1/2/21"
"Grey's Anatomy: Season 7: P.Y.T. (Pretty Young Thing)","1/2/21"
"Grey's Anatomy: Season 7: Don't Deceive Me (Please Don't Go)","1/2/21"
"Grey's Anatomy: Season 7: Start Me Up","1/2/21"
"Grey's Anatomy: Season 7: Disarm","1/2/21"
"Grey's Anatomy: Season 7: Adrift and at Peace","1/2/21"
"Grey's Anatomy: Season 7: Slow Night, So Long","1/2/21"
"Grey's Anatomy: Season 7: Something's Gotta Give","1/2/21"
"Grey's Anatomy: Season 7: That's Me Trying","1/2/21"
"Grey's Anatomy: Season 7: These Arms of Mine","1/1/21"
"Grey's Anatomy: Season 7: Almost Grown","1/1/21"
"Grey's Anatomy: Season 7: Can't Fight Biology","1/1/21"
"Grey's Anatomy: Season 7: Superfreak","1/1/21"
"Grey's Anatomy: Season 7: Shock to the System","12/31/20"
"Grey's Anatomy: Season 7: With You I'm Born Again","12/31/20"
"Grey's Anatomy: Season 6: Death and All His Friends","12/31/20"
"Grey's Anatomy: Season 6: Sanctuary","12/31/20"
"Grey's Anatomy: Season 6: Shiny Happy People","12/31/20"
"Grey's Anatomy: Season 6: How Insensitive","12/31/20"
"Grey's Anatomy: Season 6: Hook, Line And Sinner","12/31/20"
"Grey's Anatomy: Season 6: Sympathy for the Parents","12/31/20"
"Grey's Anatomy: Season 6: Suicide is Painless","12/31/20"
"Grey's Anatomy: Season 6: Push","12/31/20"
"Grey's Anatomy: Season 6: Perfect Little Accident","12/31/20"
"Grey's Anatomy: Season 6: The Time Warp","12/31/20"
"Grey's Anatomy: Season 6: Valentine's Day Massacre","12/30/20"
"Grey's Anatomy: Season 6: State of Love And Trust","12/30/20"
"Grey's Anatomy: Season 6: I Like You So Much Better When You're Naked","12/30/20"
"Grey's Anatomy: Season 6: Blink","12/30/20"
"Grey's Anatomy: Season 6: Holidaze","12/30/20"
"Grey's Anatomy: Season 6: New History","12/30/20"
"Grey's Anatomy: Season 6: Invest in Love","12/30/20"
"Grey's Anatomy: Season 6: Give Peace A Chance","12/30/20"
"Grey's Anatomy: Season 6: I Saw What I Saw","12/30/20"
"Grey's Anatomy: Season 6: Invasion","12/30/20"
"Grey's Anatomy: Season 6: Tainted Obligation","12/30/20"
"Grey's Anatomy: Season 6: I Always Feel Like Somebody's Watchin' Me","12/30/20"
"Grey's Anatomy: Season 6: Goodbye","12/28/20"
"Grey's Anatomy: Season 6: Good Mourning","12/28/20"
"Grey's Anatomy: Season 5: Now or Never","12/28/20"
"Grey's Anatomy: Season 5: Here's to Future Days","12/28/20"
"Grey's Anatomy: Season 5: What a Difference a Day Makes","12/28/20"
"The Good Place: Season 4: Whenever You're Ready","12/28/20"
"Gossip Girl: Season 6: New York, I Love You, XOXO","12/28/20"
"Grey's Anatomy: Season 5: No Good at Saying Sorry (One More Chance)","12/27/20"
"Grey's Anatomy: Season 5: Sweet Surrender","12/27/20"
"Grey's Anatomy: Season 5: Elevator Love Letter","12/27/20"
"Grey's Anatomy: Season 5: Stand By Me","12/27/20"
"Grey's Anatomy: Season 5: I Will Follow You Into the Dark","12/27/20"
"Grey's Anatomy: Season 5: An Honest Mistake","12/27/20"
"Grey's Anatomy: Season 5: Before And After","12/27/20"
"Grey's Anatomy: Season 5: Beat Your Heart Out","12/26/20"
"Grey's Anatomy: Season 5: Stairway To Heaven","12/26/20"
"Grey's Anatomy: Season 5: Sympathy for the Devil","12/26/20"
"Grey's Anatomy: Season 5: Wish You Were Here","12/26/20"
"Grey's Anatomy: Season 5: All By Myself","12/26/20"
"Grey's Anatomy: Season 5: In The Midnight Hour","12/25/20"
"Grey's Anatomy: Season 5: These Ties That Bind","12/25/20"
"Grey's Anatomy: Season 5: Rise Up","12/25/20"
"Grey's Anatomy: Season 5: Life During Wartime","12/25/20"
"Grey's Anatomy: Season 5: There's No 'I' In Team","12/25/20"
"Grey's Anatomy: Season 5: Brave New World","12/25/20"
"Grey's Anatomy: Season 5: Here Comes The Flood","12/25/20"
"Grey's Anatomy: Season 5: Dream A Little Dream Of Me: Part 2","12/25/20"
"Grey's Anatomy: Season 5: Dream A Little Dream Of Me: Part 1","12/25/20"
"Grey's Anatomy: Season 4: Freedom: Part 2","12/25/20"
"Grey's Anatomy: Season 4: Freedom: Part 1","12/25/20"
"Grey's Anatomy: Season 4: Losing My Mind","12/25/20"
"Klaus","12/24/20"
"Grey's Anatomy: Season 4: The Becoming","12/24/20"
"Grey's Anatomy: Season 4: Piece of My Heart","12/24/20"
"Grey's Anatomy: Season 4: Where the Wild Things Are","12/24/20"
"Grey's Anatomy: Season 4: Lay Your Hands on Me","12/24/20"
"Grey's Anatomy: Season 4: Crash into Me: Part 2","12/23/20"
"Grey's Anatomy: Season 4: Crash into Me: Part 1","12/23/20"
"Grey's Anatomy: Season 4: Forever Young","12/23/20"
"Grey's Anatomy: Season 4: Physical Attraction...Chemical Reaction","12/23/20"
"Grey's Anatomy: Season 4: Kung Fu Fighting","12/23/20"
"Grey's Anatomy: Season 4: Haunt You Every Day","12/23/20"
"Grey's Anatomy: Season 4: The Heart of the Matter","12/23/20"
"Grey's Anatomy: Season 4: Let the Truth Sting","12/23/20"
"Grey's Anatomy: Season 4: Love/Addiction","12/23/20"
"Grey's Anatomy: Season 4: A Change Is Gonna Come","12/23/20"
"Grey's Anatomy: Season 3: Didn't We Almost Have it All?","12/23/20"
"Grey's Anatomy: Season 3: Testing 1-2-3","12/23/20"
"Grey's Anatomy: Season 3: The Other Side of This Life: Part 2","12/23/20"
"Grey's Anatomy: Season 3: The Other Side of This Life: Part 1","12/22/20"
"Grey's Anatomy: Season 3: Desire","12/22/20"
"Grey's Anatomy: Season 3: Time After Time","12/22/20"
"Grey's Anatomy: Season 3: My Favorite Mistake","12/22/20"
"Grey's Anatomy: Season 3: Scars and Souvenirs","12/22/20"
"Grey's Anatomy: Season 3: Some Kind of Miracle","12/22/20"
"Grey's Anatomy: Season 3: Drowning on Dry Land","12/22/20"
"Grey's Anatomy: Season 3: Walk on Water","12/22/20"
"Grey's Anatomy: Season 3: Wishin' and Hopin'","12/22/20"
"Grey's Anatomy: Season 3: Great Expectations","12/22/20"
"Grey's Anatomy: Season 3: Six Days: Part 2","12/22/20"
"Grey's Anatomy: Season 3: Six Days: Part 1","12/22/20"
"Grey's Anatomy: Season 3: Don't Stand So Close to Me","12/22/20"
"Grey's Anatomy: Season 3: From a Whisper to a Scream","12/22/20"
"Grey's Anatomy: Season 3: Staring at the Sun","12/21/20"
"Grey's Anatomy: Season 3: Where the Boys Are","12/21/20"
"Grey's Anatomy: Season 3: Let the Angels Commit","12/21/20"
"Grey's Anatomy: Season 3: Oh, the Guilt","12/21/20"
"Grey's Anatomy: Season 3: What I Am","12/21/20"
"Grey's Anatomy: Season 3: Sometimes a Fantasy","12/21/20"
"Grey's Anatomy: Season 3: I Am a Tree","12/21/20"
"Grey's Anatomy: Season 3: Time Has Come Today","12/21/20"
"Grey's Anatomy: Season 2: Losing My Religion","12/21/20"
"Grey's Anatomy: Season 2: Deterioration of the Fight or Flight Response","12/20/20"
"Grey's Anatomy: Season 2: 17 Seconds","12/20/20"
"Grey's Anatomy: Season 2: Damage Case","12/20/20"
"Grey's Anatomy: Season 2: Blues for Sister Someone","12/20/20"
"Grey's Anatomy: Season 2: The Name of the Game","12/20/20"
"Grey's Anatomy: Season 2: Superstition","12/20/20"
"Grey's Anatomy: Season 2: Band-Aid Covers the Bullet Hole","12/19/20"
"Grey's Anatomy: Season 2: What Have I Done to Deserve This?","12/19/20"
"Grey's Anatomy: Season 2: Yesterday","12/14/20"
"Grey's Anatomy: Season 2: As We Know It","12/14/20"
"Grey's Anatomy: Season 2: It's the End of the World","12/14/20"
"Grey's Anatomy: Season 2: Break on Through","12/14/20"
"Grey's Anatomy: Season 2: Tell Me Sweet Little Lies","12/14/20"
"Grey's Anatomy: Season 2: Begin the Begin","12/14/20"
"Grey's Anatomy: Season 2: Grandma Got Run Over by a Reindeer","12/14/20"
"Grey's Anatomy: Season 2: Owner of a Lonely Heart","12/14/20"
"Grey's Anatomy: Season 2: Much Too Much","12/14/20"
"Grey's Anatomy: Season 2: Thanks for the Memories","12/14/20"
"Grey's Anatomy: Season 2: Let It Be","12/14/20"
"Crash Landing on You: Season 1: Episode 4","12/12/20"
"Crash Landing on You: Season 1: Episode 3","12/12/20"
"Crash Landing on You: Season 1: Episode 2","12/12/20"
"Crash Landing on You: Season 1: Episode 1","12/12/20"
"The Hundred-Foot Journey","12/11/20"
"Ava","12/11/20"
"Reign: Season 4: All It Cost Her...","12/3/20"
"Reign: Season 4: Blood in the Water","12/3/20"
"Reign: Season 4: A Bride. A Box. A Body.","12/3/20"
"Reign: Season 4: Coup de Grace","12/3/20"
"Reign: Season 4: The Shakedown","12/2/20"
"Reign: Season 4: Dead of Night","12/2/20"
"Reign: Season 4: A Better Man","12/2/20"
"Reign: Season 4: Pulling Strings","12/2/20"
"Reign: Season 4: Uncharted Waters","12/2/20"
"Reign: Season 4: Hanging Swords","12/2/20"
"Reign: Season 4: Love and Death","12/1/20"
"Reign: Season 4: Highland Games","12/1/20"
"Reign: Season 4: Playing with Fire","12/1/20"
"Reign: Season 4: Leaps of Faith","12/1/20"
"Reign: Season 4: A Grain of Deception","12/1/20"
"Reign: Season 4: With Friends Like These","12/1/20"
"Reign: Season 3: Spiders in a Jar","12/1/20"
"Reign: Season 3: Intruders","12/1/20"
"Reign: Season 3: Clans","11/30/20"
"Reign: Season 3: Safe Passage","11/30/20"
"Reign: Season 3: To the Death","11/30/20"
"Reign: Season 3: Strange Bedfellows","11/30/20"
"Reign: Season 3: No Way Out","11/30/20"
"Reign: Season 3: Succession","11/30/20"
"Reign: Season 3: Bruises That Lie","11/29/20"
"Reign: Season 3: Wedlock","11/29/20"
"Reign: Season 3: Our Undoing","11/29/20"
"Reign: Season 3: The Hound and the Hare","11/29/20"
"Reign: Season 3: Fight or Flight","11/29/20"
"Reign: Season 3: In a Clearing","11/29/20"
"Reign: Season 3: The Price","11/29/20"
"Reign: Season 3: Extreme Measures","11/29/20"
"Reign: Season 3: Betrothed","11/29/20"
"Reign: Season 3: Three Queens, Two Tigers","11/29/20"
"Reign: Season 2: Burn","11/29/20"
"Reign: Season 2: The Siege","11/29/20"
"Reign: Season 2: Fugitive","11/28/20"
"Reign: Season 2: Abandoned","11/28/20"
"Reign: Season 2: Reversal of Fortune","11/28/20"
"Reign: Season 2: Tempting Fate","11/28/20"
"Reign: Season 2: Tasting Revenge","11/28/20"
"Reign: Season 2: Forbidden","11/28/20"
"Reign: Season 2: The End of Mourning","11/28/20"
"Reign: Season 2: Sins of the Past","11/28/20"
"Reign: Season 2: Banished","11/28/20"
"Reign: Season 2: Getaway","11/28/20"
"Reign: Season 2: Mercy","11/28/20"
"Reign: Season 2: Acts of War","11/27/20"
"Reign: Season 2: Terror of the Faithful","11/27/20"
"Reign: Season 2: The Prince of the Blood","11/27/20"
"Reign: Season 2: Three Queens","11/27/20"
"Reign: Season 2: Blood for Blood","11/27/20"
"Reign: Season 2: The Lamb and the Slaughter","11/27/20"
"Reign: Season 2: Coronation","11/27/20"
"Reign: Season 2: Drawn and Quartered","11/27/20"
"Reign: Season 2: The Plague","11/27/20"
"Reign: Season 1: Slaughter of Innocence","11/27/20"
"Reign: Season 1: Long Live the King","11/27/20"
"Reign: Season 1: Higher Ground","11/26/20"
"Reign: Season 1: Toy Soldiers","11/26/20"
"Reign: Season 1: No Exit","11/26/20"
"Reign: Season 1: Liege Lord","11/26/20"
"Reign: Season 1: Monsters","11/26/20"
"Reign: Season 1: The Darkness","11/26/20"
"Reign: Season 1: Dirty Laundry","11/26/20"
"Reign: Season 1: The Consummation","11/26/20"
"Reign: Season 1: Royal Blood","11/26/20"
"Reign: Season 1: Inquisition","11/26/20"
"Reign: Season 1: Sacrifice","11/26/20"
"Reign: Season 1: For King and Country","11/26/20"
"Reign: Season 1: Fated","11/26/20"
"Reign: Season 1: Left Behind","11/25/20"
"Reign: Season 1: Chosen","11/25/20"
"Reign: Season 1: A Chill in the Air","11/24/20"
"Reign: Season 1: Hearts and Minds","11/24/20"
"Reign: Season 1: Kissed","11/24/20"
"Reign: Season 1: Snakes in the Garden","11/24/20"
"Reign: Season 1: Pilot","11/24/20"
"The Queen's Gambit: Limited Series: End Game","11/24/20"
"The Queen's Gambit: Limited Series: Adjournment","11/23/20"
"The Queen's Gambit: Limited Series: Fork","11/23/20"
"The Queen's Gambit: Limited Series: Middle Game","11/23/20"
"The Queen's Gambit: Limited Series: Doubled Pawns","11/23/20"
"The Queen's Gambit: Limited Series: Exchanges","11/23/20"
"The Queen's Gambit: Limited Series: Openings","11/23/20"
"BLACKPINK: Light Up the Sky","11/22/20"
"Django Unchained","11/21/20"
"Diana: In Her Own Words","11/21/20"
"The Crown: Season 4: War","11/21/20"
"The Crown: Season 4: Avalanche","11/20/20"
"The Crown: Season 4: 48:1","11/20/20"
"The Crown: Season 4: The Hereditary Principle","11/20/20"
"The Crown: Season 4: Terra Nullius","11/20/20"
"The Crown: Season 4: Fagan","11/20/20"
"The Crown: Season 4: Favourites","11/20/20"
"The Crown: Season 4: Fairytale","11/19/20"
"The Crown: Season 4: The Balmoral Test","11/19/20"
"The Crown: Season 4: Gold Stick","11/19/20"
"The Crown: Season 2: Paterfamilias","11/19/20"
"Sleepover","11/3/20"
"The Silence of the Lambs","10/31/20"
"Gossip Girl: Season 4: The Wrong Goodbye","10/31/20"
"Gossip Girl: Season 4: The Witches of Bushwick","10/31/20"
"Gossip Girl: Season 4: Juliet Doesn't Live Here Anymore","10/31/20"
"Gossip Girl: Season 4: War at the Roses","10/31/20"
"John Mulaney: The Comeback Kid","10/25/20"
"John Mulaney: Kid Gorgeous at Radio City","10/25/20"
"The African Doctor","10/24/20"
"The Addams Family","10/24/20"
"Rebecca","10/23/20"
"The Good Place: Season 4: Patty","10/21/20"
"The Good Place: Season 4: Mondays, Am I Right?","10/21/20"
"The Good Place: Season 4: A Girl From Arizona - Part 1","10/21/20"
"Lucifer: Season 5: Spoiler Alert","10/21/20"
"Gossip Girl: Season 6: The Revengers","10/21/20"
"Gossip Girl: Season 6: It's Really Complicated","10/21/20"
"Gossip Girl: Season 6: Save the Last Chance","10/21/20"
"Gossip Girl: Season 6: Where the Vile Things Are","10/21/20"
"Gossip Girl: Season 6: Monstrous Ball","10/21/20"
"Gossip Girl: Season 6: Portrait of a Lady Alexander","10/21/20"
"Gossip Girl: Season 6: Dirty Rotten Scandals","10/21/20"
"Gossip Girl: Season 6: High Infidelity","10/20/20"
"Gossip Girl: Season 6: Gone Maybe Gone","10/20/20"
"Gossip Girl: Season 5: The Return of the Ring","10/20/20"
"Gossip Girl: Season 5: The Fugitives","10/19/20"
"Gossip Girl: Season 5: Raiders of the Lost Art","10/19/20"
"Gossip Girl: Season 5: Despicable B","10/19/20"
"Gossip Girl: Season 5: Salon of the Dead","10/19/20"
"Gossip Girl: Season 5: It Girl, Interrupted","10/19/20"
"Gossip Girl: Season 5: Con Heir","10/19/20"
"Gossip Girl: Season 5: The Princess Dowry","10/19/20"
"Gossip Girl: Season 5: Cross Rhodes","10/18/20"
"Gossip Girl: Season 5: Crazy, Cupid, Love","10/18/20"
"Gossip Girl: Season 5: The Backup Dan","10/18/20"
"Gossip Girl: Season 5: G.G","10/18/20"
"Gossip Girl: Season 5: Father and the Bride","10/18/20"
"Gossip Girl: Season 5: The End of the Affair?","10/18/20"
"Gossip Girl: Season 5: Riding in Town Cars With Boys","10/18/20"
"Gossip Girl: Season 5: Rhodes to Perdition","10/18/20"
"Gossip Girl: Season 5: All the Pretty Sources","10/18/20"
"Gossip Girl: Season 5: The Big Sleep No More","10/18/20"
"Gossip Girl: Season 5: I Am Number Nine","10/18/20"
"Gossip Girl: Season 5: The Fasting and the Furious","10/18/20"
"Gossip Girl: Season 5: Memoirs of an Invisible Dan","10/18/20"
"Gossip Girl: Season 5: The Jewel of Denial","10/18/20"
"Gossip Girl: Season 5: Beauty and the Feast","10/18/20"
"Gossip Girl: Season 5: Yes, Then Zero","10/17/20"
"Gossip Girl: Season 4: Shattered Bass","10/17/20"
"Gossip Girl: Season 4: The Princesses and the Frog","10/17/20"
"Gossip Girl: Season 4: Petty in Pink","10/17/20"
"Gossip Girl: Season 4: The Kids Stay in the Picture","10/17/20"
"Gossip Girl: Season 4: Empire of the Son","10/17/20"
"Gossip Girl: Season 4: While You Weren't Sleeping","10/17/20"
"Gossip Girl: Season 4: It-Girl Happened One Night","10/16/20"
"Gossip Girl: Season 4: Panic Roommate","10/16/20"
"Gossip Girl: Season 4: Damien Darko","10/16/20"
"Gossip Girl: Season 4: The Kids Are Not All Right","10/16/20"
"Gossip Girl: Season 4: The Townie","10/16/20"
"Gossip Girl: Season 4: Gaslit","10/16/20"
"Gossip Girl: Season 4: Easy J","10/16/20"
"Gossip Girl: Season 4: Goodbye, Columbia","10/15/20"
"Gossip Girl: Season 4: Touch of Eva","10/15/20"
"Gossip Girl: Season 4: The Undergraduates","10/15/20"
"Gossip Girl: Season 4: Double Identity","10/15/20"
"Gossip Girl: Season 4: Belles de Jour","10/15/20"
"Gossip Girl: Season 3: Last Tango, Then Paris","10/15/20"
"Gossip Girl: Season 3: Ex-Husbands and Wives","10/14/20"
"Gossip Girl: Season 3: It's a Dad, Dad, Dad, Dad World","10/14/20"
"Gossip Girl: Season 3: Dr. Estrangeloved","10/14/20"
"Gossip Girl: Season 3: The Unblairable Lightness of Being","10/14/20"
"Gossip Girl: Season 3: Inglorius Bassterds","10/14/20"
"Gossip Girl: Season 3: The Empire Strikes Jack","10/14/20"
"Gossip Girl: Season 3: The Sixteen Year Old Virgin","10/14/20"
"Gossip Girl: Season 3: The Lady Vanished","10/14/20"
"Gossip Girl: Season 3: The Hurt Locket","10/13/20"
"Gossip Girl: Season 3: The Debarted","10/13/20"
"Gossip Girl: Season 3: The Treasure of Serena Madre","10/13/20"
"Gossip Girl: Season 3: The Last Days of Disco Stick","10/13/20"
"Gossip Girl: Season 3: They Shoot Humphreys, Don't They?","10/13/20"
"Gossip Girl: Season 3: The Grandfather: Part ll","10/13/20"
"Gossip Girl: Season 3: How to Succeed in Bassness","10/13/20"
"Gossip Girl: Season 3: Enough About Eve","10/13/20"
"Gossip Girl: Season 3: Rufus Getting Married","10/12/20"
"Gossip Girl: Season 3: Dan de Fleurette","10/12/20"
"Gossip Girl: Season 3: The Lost Boy","10/12/20"
"Gossip Girl: Season 3: The Freshmen","10/12/20"
"Gossip Girl: Season 3: Reversals of Fortune","10/11/20"
"Gossip Girl: Season 2: The Goodbye Gossip Girl","10/11/20"
"Gossip Girl: Season 2: Valley Girls","10/11/20"
"Gossip Girl: Season 2: The Wrath of Con","10/11/20"
"Gossip Girl: Season 2: Southern Gentlemen Prefer Blondes","10/11/20"
"Gossip Girl: Season 2: Seder Anything","10/11/20"
"Gossip Girl: Season 2: Remains of the J","10/11/20"
"Gossip Girl: Season 2: The Grandfather","10/11/20"
"Gossip Girl: Season 2: The Age of Dissonance","10/11/20"
"Gossip Girl: Season 2: Carrnal Knowledge","10/11/20"
"Gossip Girl: Season 2: You've Got Yale!","10/11/20"
"Gossip Girl: Season 2: Gone with the Will","10/11/20"
"Gossip Girl: Season 2: In the Realm of the Basses","10/10/20"
"Gossip Girl: Season 2: O Brother, Where Bart Thou?","10/10/20"
"Gossip Girl: Season 2: It's a Wonderful Lie","10/10/20"
"Gossip Girl: Season 2: The Magnificent Archibalds","10/10/20"
"Gossip Girl: Season 2: Bonfire of the Vanity","10/10/20"
"Gossip Girl: Season 2: There Might be Blood","10/10/20"
"Gossip Girl: Season 2: Pret-a-Poor-J","10/10/20"
"Gossip Girl: Season 2: Chuck In Real Life","10/10/20"
"Gossip Girl: Season 2: New Haven Can Wait","10/10/20"
"Gossip Girl: Season 2: The Serena Also Rises","10/10/20"
"Gossip Girl: Season 2: The Ex-Files","10/10/20"
"Gossip Girl: Season 2: The Dark Night","10/9/20"
"Gossip Girl: Season 2: Never Been Marcused","10/9/20"
"Gossip Girl: Season 2: Summer, Kind of Wonderful","10/9/20"
"Gossip Girl: Season 1: Much 'I Do' About Nothing","10/9/20"
"Gossip Girl: Season 1: Woman on the Verge","10/9/20"
"Gossip Girl: Season 1: All About My Brother","10/9/20"
"Gossip Girl: Season 1: Desperately Seeking Serena","10/9/20"
"Gossip Girl: Season 1: The Blair Bitch Project","10/8/20"
"Gossip Girl: Season 1: A Thin Line Between Chuck and Nate","10/8/20"
"Gossip Girl: Season 1: School Lies","10/8/20"
"Gossip Girl: Season 1: Roman Holiday","10/8/20"
"Gossip Girl: Season 1: Hi, Society","10/8/20"
"Gossip Girl: Season 1: Blair Waldorf Must Pie!","10/8/20"
"Gossip Girl: Season 1: Seventeen Candles","10/8/20"
"The Legend of Korra: Book Four: Balance: The Last Stand","10/4/20"
"The Legend of Korra: Book Four: Balance: Day of the Colossus","10/4/20"
"The Legend of Korra: Book Four: Balance: Kuvira's Gambit","10/4/20"
"The Legend of Korra: Book Four: Balance: Operation: Beifong","10/4/20"
"The Legend of Korra: Book Four: Balance: Beyond the Wilds","10/4/20"
"The Legend of Korra: Book Four: Balance: Remembrances","10/4/20"
"The Legend of Korra: Book Four: Balance: Reunion","10/4/20"
"The Legend of Korra: Book Four: Balance: The Battle of Zaofu","10/4/20"
"The Legend of Korra: Book Four: Balance: Enemy at the Gates","10/4/20"
"The Legend of Korra: Book Four: Balance: The Calling","10/4/20"
"The Legend of Korra: Book Four: Balance: The Coronation","10/4/20"
"The Legend of Korra: Book Four: Balance: Korra Alone","10/4/20"
"The Legend of Korra: Book Four: Balance: After All These Years","10/4/20"
"The Legend of Korra: Book Three: Change: Venom of the Red Lotus","10/3/20"
"The Legend of Korra: Book Three: Change: Enter the Void","10/3/20"
"The Legend of Korra: Book Three: Change: The Ultimatum","10/3/20"
"The Legend of Korra: Book Three: Change: Long Live the Queen","10/3/20"
"The Legend of Korra: Book Three: Change: The Stakeout","10/3/20"
"The Legend of Korra: Book Three: Change: The Terror Within","10/3/20"
"The Legend of Korra: Book Three: Change: Original Airbenders","10/3/20"
"The Legend of Korra: Book Three: Change: Old Wounds","10/3/20"
"The Legend of Korra: Book Three: Change: The Metal Clan","10/3/20"
"The Legend of Korra: Book Three: Change: In Harm's Way","10/3/20"
"The Legend of Korra: Book Three: Change: The Earth Queen","10/3/20"
"The Legend of Korra: Book Three: Change: Rebirth","10/3/20"
"The Legend of Korra: Book Three: Change: A Breath of Fresh Air","10/3/20"
"The Legend of Korra: Book Two: Spirits: Light in the Dark","10/3/20"
"The Legend of Korra: Book Two: Spirits: Darkness Falls","10/3/20"
"The Legend of Korra: Book Two: Spirits: Harmonic Convergence","10/3/20"
"The Legend of Korra: Book Two: Spirits: Night of a Thousand Stars","10/3/20"
"The Legend of Korra: Book Two: Spirits: A New Spiritual Age","10/3/20"
"The Legend of Korra: Book Two: Spirits: The Guide","10/3/20"
"The Legend of Korra: Book Two: Spirits: Beginnings: Part 2","10/3/20"
"The Legend of Korra: Book Two: Spirits: Beginnings: Part 1","10/3/20"
"The Legend of Korra: Book Two: Spirits: The Sting","10/3/20"
"The Legend of Korra: Book Two: Spirits: Peacekeepers","10/3/20"
"The Legend of Korra: Book Two: Spirits: Civil Wars: Part 2","10/2/20"
"The Legend of Korra: Book Two: Spirits: Civil Wars: Part 1","10/2/20"
"The Legend of Korra: Book Two: Spirits: The Southern Lights","10/2/20"
"The Legend of Korra: Book Two: Spirits: Rebel Spirit","10/2/20"
"The Legend of Korra: Book One: Air: Endgame","10/2/20"
"The Legend of Korra: Book One: Air: Skeletons in the Closet","10/2/20"
"The Legend of Korra: Book One: Air: Turning the Tides","10/2/20"
"The Legend of Korra: Book One: Air: Out of the Past","10/2/20"
"The Legend of Korra: Book One: Air: When Extremes Meet","10/2/20"
"The Legend of Korra: Book One: Air: The Aftermath","10/2/20"
"The Legend of Korra: Book One: Air: And the Winner Is…","10/2/20"
"The Legend of Korra: Book One: Air: The Spirit of Competition","10/2/20"
"The Legend of Korra: Book One: Air: The Voice in the Night","10/2/20"
"The Legend of Korra: Book One: Air: The Revelation","10/2/20"
"The Legend of Korra: Book One: Air: A Leaf in the Wind","10/2/20"
"The Legend of Korra: Book One: Air: Welcome to Republic City","9/27/20"
"Trinkets: Season 1: P*ssy Palace","9/27/20"
"Trinkets: Season 1: Paper Tiger","9/27/20"
"Trinkets: Season 1: Mirror Faces","9/27/20"
"Enola Holmes","9/26/20"
"Lucifer: Season 3: A Devil of My Word","9/25/20"
"Lucifer: Season 3: Quintessential Deckerstar","9/25/20"
"Lucifer: Season 3: All Hands on Decker","9/25/20"
"Lucifer: Season 3: Anything Pierce Can Do I Can Do Better","9/25/20"
"Lucifer: Season 3: The Angel of San Bernardino","9/25/20"
"Love, Guaranteed","9/25/20"
"Avatar: The Last Airbender: Book 3: Sozin's Comet","9/25/20"
"Avatar: The Last Airbender: Book 3: The Ember Island Players","9/24/20"
"Avatar: The Last Airbender: Book 3: The Southern Raiders","9/24/20"
"Avatar: The Last Airbender: Book 3: The Boiling Rock","9/24/20"
"Avatar: The Last Airbender: Book 3: The Firebending Masters","9/24/20"
"Avatar: The Last Airbender: Book 3: The Western Air Temple","9/24/20"
"Avatar: The Last Airbender: Book 3: Day of the Black Sun","9/24/20"
"Avatar: The Last Airbender: Book 3: Nightmares and Daydreams","9/23/20"
"Avatar: The Last Airbender: Book 3: The Puppetmaster","9/23/20"
"Avatar: The Last Airbender: Book 3: The Runaway","9/23/20"
"Avatar: The Last Airbender: Book 3: The Avatar and the Firelord","9/23/20"
"Avatar: The Last Airbender: Book 3: The Beach","9/23/20"
"Avatar: The Last Airbender: Book 3: Sokka's Master","9/23/20"
"Avatar: The Last Airbender: Book 3: The Painted Lady","9/23/20"
"Avatar: The Last Airbender: Book 3: The Headband","9/23/20"
"Avatar: The Last Airbender: Book 3: The Awakening","9/23/20"
"Avatar: The Last Airbender: Book 2: The Guru / The Crossroads of Destiny","9/23/20"
"Avatar: The Last Airbender: Book 2: The Earth King","9/22/20"
"Avatar: The Last Airbender: Book 2: Lake Laogai","9/22/20"
"Avatar: The Last Airbender: Book 2: Appa's Lost Days","9/22/20"
"Avatar: The Last Airbender: Book 2: Tales of Ba Sing Se","9/22/20"
"Avatar: The Last Airbender: Book 2: City of Walls and Secrets","9/22/20"
"Avatar: The Last Airbender: Book 2: The Secret of the Fire Nation","9/22/20"
"Avatar: The Last Airbender: Book 2: The Desert","9/22/20"
"Avatar: The Last Airbender: Book 2: The Library","9/22/20"
"Avatar: The Last Airbender: Book 2: Bitter Work","9/22/20"
"Avatar: The Last Airbender: Book 2: The Chase","9/22/20"
"Avatar: The Last Airbender: Book 2: Zuko Alone","9/22/20"
"Avatar: The Last Airbender: Book 2: The Blind Bandit","9/22/20"
"Avatar: The Last Airbender: Book 2: Avatar Day","9/21/20"
"Avatar: The Last Airbender: Book 2: The Swamp","9/21/20"
"Avatar: The Last Airbender: Book 2: Return to Omashu","9/21/20"
"Avatar: The Last Airbender: Book 2: The Cave of Two Lovers","9/21/20"
"Avatar: The Last Airbender: Book 2: The Avatar State","9/21/20"
"Avatar: The Last Airbender: Book 1: The Siege of the North: Part 2","9/21/20"
"Avatar: The Last Airbender: Book 1: The Siege of the North: Part 1","9/21/20"
"Avatar: The Last Airbender: Book 1: The Waterbending Master","9/21/20"
"Avatar: The Last Airbender: Book 1: The Northern Air Temple","9/21/20"
"Avatar: The Last Airbender: Book 1: The Deserter","9/21/20"
"Avatar: The Last Airbender: Book 1: Bato of the Water Tribe","9/21/20"
"Avatar: The Last Airbender: Book 1: The Fortune-Teller","9/21/20"
"Avatar: The Last Airbender: Book 1: The Blue Spirit","9/21/20"
"Avatar: The Last Airbender: Book 1: The Storm","9/21/20"
"Avatar: The Last Airbender: Book 1: The Great Divide","9/21/20"
"Avatar: The Last Airbender: Book 1: Jet","9/21/20"
"Avatar: The Last Airbender: Book 1: The Waterbending Scroll","9/21/20"
"Avatar: The Last Airbender: Book 1: Winter Solstice: Part 2: Avatar Roku","9/21/20"
"Avatar: The Last Airbender: Book 1: Winter Solstice: Part 1: The Spirit World","9/20/20"
"Avatar: The Last Airbender: Book 1: Imprisoned","9/20/20"
"Avatar: The Last Airbender: Book 1: The King of Omashu","9/20/20"
"Avatar: The Last Airbender: Book 1: The Warriors of Kyoshi","9/20/20"
"Avatar: The Last Airbender: Book 1: The Southern Air Temple","9/20/20"
"Avatar: The Last Airbender: Book 1: The Avatar Returns","9/20/20"
"Avatar: The Last Airbender: Book 1: The Boy in the Iceberg","9/20/20"
"Athlete A","9/20/20"
"All The Bright Places","9/20/20"
"Lucifer: Season 3: All About Her","9/19/20"
"Lucifer: Season 3: City of Angels?","9/19/20"
"Lucifer: Season 3: The Sin Bin","9/19/20"
"Land Girls: Series 1: Childhood's End","9/19/20"
"Suffragette","9/19/20"
"Lucifer: Season 5: Our Mojo","9/15/20"
"Lucifer: Season 5: BlueBallz","9/14/20"
"Lucifer: Season 5: Detective Amenadiel","9/14/20"
"Lucifer: Season 5: It Never Ends Well for the Chicken","9/14/20"
"Lucifer: Season 5: ¡Diablo!","9/14/20"
"Lucifer: Season 5: Lucifer! Lucifer! Lucifer!","9/13/20"
"Lucifer: Season 5: Really Sad Devil Guy","9/13/20"
"Lucifer: Season 4: Who's da New King of Hell?","9/13/20"
"Lucifer: Season 4: Save Lucifer","9/13/20"
"Lucifer: Season 4: Super Bad Boyfriend","9/13/20"
"Lucifer: Season 4: Devil Is as Devil Does","9/13/20"
"Lucifer: Season 4: Orgy Pants to Work","9/13/20"
"Lucifer: Season 4: Expire Erect","9/13/20"
"Lucifer: Season 4: All About Eve","9/12/20"
"Lucifer: Season 4: O, Ye of Little Faith, Father","9/12/20"
"Lucifer: Season 4: Somebody’s Been Reading Dante’s Inferno","9/12/20"
"Lucifer: Season 4: Everything's Okay","9/12/20"
"Lucifer: Season 3: Once Upon a Time","9/12/20"
"Lucifer: Season 3: Boo Normal","9/12/20"
"Lucifer: Season 3: Orange Is the New Maze","9/11/20"
"Lucifer: Season 3: The Last Heartbreak","9/11/20"
"Lucifer: Season 3: Let Pinhead Sing!","9/11/20"
"Lucifer: Season 3: Infernal Guinea Pig","9/11/20"
"Lucifer: Season 3: High School Poppycock","9/11/20"
"Lucifer: Season 3: My Brother's Keeper","9/11/20"
"Lucifer: Season 3: 'Til Death Do Us Part","9/11/20"
"Lucifer: Season 3: The Sinnerman","9/10/20"
"Lucifer: Season 3: Chloe Does Lucifer","9/10/20"
"Lucifer: Season 3: Off the Record","9/10/20"
"Lucifer: Season 3: Vegas with Some Radish","9/9/20"
"Lucifer: Season 3: Welcome Back, Charlotte Richards","9/9/20"
"Lucifer: Season 3: What Would Lucifer Do?","9/9/20"
"Lucifer: Season 3: Mr. and Mrs. Mazikeen Smith","9/9/20"
"Lucifer: Season 3: The One with the Baby Carrot","9/9/20"
"Lucifer: Season 3: They're Back, Aren't They?","9/8/20"
"Lucifer: Season 2: The Good, The Bad and The Crispy","9/8/20"
"Lucifer: Season 2: Sympathy for the Goddess","9/8/20"
"Lucifer: Season 2: God Johnson","9/8/20"
"Lucifer: Season 2: Deceptive Little Parasite","9/7/20"
"Lucifer: Season 2: Candy Morningstar","9/7/20"
"Lucifer: Season 2: A Good Day to Die","9/7/20"
"Lucifer: Season 2: Love Handles","9/7/20"
"Lucifer: Season 2: Stewardess Interruptus","9/7/20"
"Lucifer: Season 2: Quid Pro Ho","9/7/20"
"Lucifer: Season 2: Homewrecker","9/7/20"
"Lucifer: Season 2: Trip to Stabby Town","9/7/20"
"Lucifer: Season 2: My Little Monkey","9/7/20"
"Lucifer: Season 2: Sin-Eater","9/7/20"
"Lucifer: Season 2: Monster","9/6/20"
"Lucifer: Season 2: The Weaponizer","9/6/20"
"Lucifer: Season 2: Lady Parts","9/6/20"
"Lucifer: Season 2: Liar, Liar, Slutty Dress on Fire","9/6/20"
"Lucifer: Season 2: Everything's Coming Up Lucifer","9/6/20"
"Lucifer: Season 1: Take Me Back to Hell","9/6/20"
"Lucifer: Season 1: #TeamLucifer","9/6/20"
"Lucifer: Season 1: St. Lucifer","9/6/20"
"Lucifer: Season 1: Pops","9/6/20"
"Lucifer: Season 1: A Priest Walks into a Bar","9/6/20"
"Lucifer: Season 1: Et Tu, Doctor?","9/5/20"
"Lucifer: Season 1: Wingman","9/5/20"
"Lucifer: Season 1: Favorite Son","9/5/20"
"Lucifer: Season 1: Sweet Kicks","9/5/20"
"Lucifer: Season 1: Manly Whatnots","9/5/20"
"Lucifer: Season 1: The Would-Be Prince of Darkness","9/5/20"
"Lucifer: Season 1: Lucifer, Stay. Good Devil.","9/5/20"
"Lucifer: Season 1: Pilot","9/5/20"
"Kim's Convenience: Season 4: Bon Voyage","9/5/20"
"Kim's Convenience: Season 4: Knife Strife","9/5/20"
"Kim's Convenience: Season 4: Birds of a Feather","9/5/20"
"Kim's Convenience: Season 4: In the Bedroom","9/5/20"
"Kim's Convenience: Season 4: Which Witch is Which","9/5/20"
"Kim's Convenience: Season 4: Chammo!","9/5/20"
"Kim's Convenience: Season 4: Beacon of Truth","9/5/20"
"Kim's Convenience: Season 4: Soccer Dad","9/5/20"
"Kim's Convenience: Season 4: Thinkin’ ‘bout Inkin’","9/5/20"
"Kim's Convenience: Season 4: Happy Ummaversary","9/5/20"
"Kim's Convenience: Season 4: The Help","9/5/20"
"Kim's Convenience: Season 4: Couch Surfing","9/5/20"
"Kim's Convenience: Season 4: The Trollop","9/4/20"
"Kim's Convenience: Season 3: Lord of the Ring","9/4/20"
"Kim's Convenience: Season 3: Hit 'n' Fun","9/4/20"
"Kim's Convenience: Season 3: Appanticitis","9/4/20"
"Kim's Convenience: Season 3: Elephant in the Room","9/4/20"
"Kim's Convenience: Season 3: Blabber Talker","9/4/20"
"Kim's Convenience: Season 3: To Him It May Concern","9/4/20"
"Kim's Convenience: Season 3: Appanoon Delight","9/4/20"
"Kim's Convenience: Season 3: The Kim Cup","9/4/20"
"Kim's Convenience: Season 3: Army Spoon","9/4/20"
"Kim's Convenience: Season 3: Thy Neighbour's Wifi","9/4/20"
"Kim's Convenience: Season 3: Open Kimunication","9/3/20"
"Kim's Convenience: Season 3: Cutie Pie","9/3/20"
"Kim's Convenience: Season 3: New Appa-liance","9/3/20"
"Kim's Convenience: Season 2: Handy Graduation","9/3/20"
"Kim's Convenience: Season 2: Appa’s First Text","9/3/20"
"Kim's Convenience: Season 2: Good Neighbours","9/3/20"
"Kim's Convenience: Season 2: Janet’s Boyfriend","9/3/20"
"Kim's Convenience: Season 2: New TV","9/3/20"
"Kim's Convenience: Season 2: Silent Auction","9/3/20"
"Kim's Convenience: Season 2: Sneak Attack","9/3/20"
"Kim's Convenience: Season 2: Resting Place","9/3/20"
"Kim's Convenience: Season 2: Date Night","9/3/20"
"Kim's Convenience: Season 2: Cardboard Jung","9/3/20"
"Kim's Convenience: Season 2: House Guest","9/3/20"
"Kim's Convenience: Season 2: Business Award","9/1/20"
"Kim's Convenience: Season 2: Janet’s Roommate","9/1/20"
"Kim's Convenience: Season 1: Family Singing Contest","9/1/20"
"Kim's Convenience: Season 1: Appa's Lump","9/1/20"
"Kim's Convenience: Season 1: Handyman","9/1/20"
"Kim's Convenience: Season 1: Janet's New Job","8/31/20"
"Kim's Convenience: Season 1: Best Before","8/31/20"
"Kim's Convenience: Season 1: Service","8/31/20"
"Kim's Convenience: Season 1: Hapkido","8/31/20"
"Kim's Convenience: Season 1: Rude Kid","8/31/20"
"Kim's Convenience: Season 1: Wingman","8/31/20"
"Kim's Convenience: Season 1: Frank & Nayoung","8/31/20"
"Kim's Convenience: Season 1: Ddong Chim","8/31/20"
"Kim's Convenience: Season 1: Janet's Photos","8/31/20"
"Kim's Convenience: Season 1: Gay Discount","8/31/20"
"The Last Czars: Season 1: The House of Special Purpose","8/31/20"
"The Last Czars: Season 1: Revolution","8/31/20"
"The Last Czars: Season 1: War","8/31/20"
"The Last Czars: Season 1: Anarchy","8/27/20"
"The Last Czars: Season 1: The Boy","8/27/20"
"The Last Czars: Season 1: The Chosen One","8/27/20"
"Get Even: Season 1: Get Justice","8/27/20"
"Get Even: Season 1: Get It Out","8/26/20"
"Get Even: Season 1: Get Through It","8/26/20"
"Get Even: Season 1: Get Out of Hand","8/26/20"
"Get Even: Season 1: Get A Clue","8/26/20"
"Get Even: Season 1: Get What You Want","8/26/20"
"Get Even: Season 1: Get Over It","8/26/20"
"Get Even: Season 1: Get It Together","8/26/20"
"Get Even: Season 1: Get In Deep","8/26/20"
"Get Even: Season 1: Get On It","8/26/20"
"Master of None: Season 2: Buona Notte","8/24/20"
"Master of None: Season 2: Amarsi Un Po","8/23/20"
"Master of None: Season 2: Thanksgiving","8/23/20"
"Master of None: Season 2: Door #3","8/22/20"
"Master of None: Season 2: New York, I Love You","8/22/20"
"Master of None: Season 2: The Dinner Party","8/22/20"
"Master of None: Season 2: First Date","8/22/20"
"Master of None: Season 2: Religion","8/22/20"
"Master of None: Season 2: Le Nozze","8/22/20"
"Master of None: Season 2: The Thief","8/22/20"
"Master of None: Season 1: Finale","8/20/20"
"Master of None: Season 1: Mornings","8/20/20"
"Master of None: Season 1: Old People","8/20/20"
"Master of None: Season 1: Ladies and Gentlemen","8/20/20"
"Master of None: Season 1: Nashville","8/20/20"
"Master of None: Season 1: The Other Man","8/20/20"
"Master of None: Season 1: Indians on TV","8/20/20"
"Master of None: Season 1: Hot Ticket","8/20/20"
"Master of None: Season 1: Parents","8/20/20"
"Master of None: Season 1: Plan B","8/20/20"
"Patriot Act with Hasan Minhaj: Volume 2: Drug Pricing","8/17/20"
"Patriot Act with Hasan Minhaj: Volume 2: Censorship in China","8/17/20"
"Patriot Act with Hasan Minhaj: Volume 2: Student Loans","8/17/20"
"Patriot Act with Hasan Minhaj: Volume 2: Civil Rights Under Trump","8/17/20"
"Patriot Act with Hasan Minhaj: Volume 2: Hip-hop and Streaming","8/17/20"
"Patriot Act with Hasan Minhaj: Volume 2: Indian Elections","8/17/20"
"Patriot Act with Hasan Minhaj: Volume 3: The NRA's Global Impact","8/17/20"
"Patriot Act with Hasan Minhaj: Volume 3: Brazil, Corruption and the Rainforest","8/17/20"
"Patriot Act with Hasan Minhaj: Volume 3: Cricket Corruption","8/17/20"
"Patriot Act with Hasan Minhaj: Volume 3: Indian Elections Update and the 1MDB Scandal","8/17/20"
"Patriot Act with Hasan Minhaj: Volume 3: Protests in Sudan","8/17/20"
"Patriot Act with Hasan Minhaj: Volume 1: Amazon","8/17/20"
"Patriot Act with Hasan Minhaj: Volume 1: Saudi Arabia","8/17/20"
"Patriot Act with Hasan Minhaj: Volume 1: Oil","8/17/20"
"Patriot Act with Hasan Minhaj: Volume 1: Immigration Enforcement","8/17/20"
"Patriot Act with Hasan Minhaj: Volume 1: Affirmative Action","8/17/20"
"Patriot Act with Hasan Minhaj: Volume 1: Supreme","8/17/20"
"Patriot Act with Hasan Minhaj: Volume 1: Content Moderation and Free Speech","8/17/20"
"Self Made: Inspired by the Life of Madam C.J. Walker: Limited Series: A Credit to the Race","8/16/20"
"Self Made: Inspired by the Life of Madam C.J. Walker: Limited Series: The Walker Girl","8/16/20"
"Self Made: Inspired by the Life of Madam C.J. Walker: Limited Series: Bootstraps","8/16/20"
"Self Made: Inspired by the Life of Madam C.J. Walker: Limited Series: The Fight of the Century","8/16/20"
"Anne with an E: Season 2: The True Seeing Is Within","8/16/20"
"Patriot Act with Hasan Minhaj: Volume 6: Why Doing Taxes Is So Hard","8/15/20"
"Sherlock: Series 4: The Final Problem","8/15/20"
"The Umbrella Academy: Season 2: The End of Something","8/15/20"
"The Umbrella Academy: Season 1: We Only See Each Other at Weddings and Funerals","8/15/20"
"The Guernsey Literary and Potato Peel Pie Society","8/15/20"
"Dangerous Lies","8/15/20"
"A Bad Moms Christmas","8/15/20"
"Step Sisters","8/15/20"
"Let It Snow","8/14/20"
"The Death of Stalin","8/13/20"
"Wine Country","8/13/20"
"The Bling Ring","8/13/20"
"The Two Popes","8/8/20"
"New Girl: Season 7: Engram Pattersky","8/8/20"
"New Girl: Season 1: Kryptonite","8/8/20"
"New Girl: Season 1: Pilot","8/8/20"
"Hollywood: Season 1: A Hollywood Ending","8/8/20"
"Hollywood: Season 1: Meg","8/7/20"
"Hollywood: Season 1: Jump","8/7/20"
"Hollywood: Season 1: (Screen) Tests","8/7/20"
"Hollywood: Season 1: Outlaws","8/7/20"
"Hollywood: Season 1: Hooray for Hollywood: Part 2","8/7/20"
"Hollywood: Season 1: Hooray for Hollywood","8/7/20"
"The Social Network","8/6/20"
"Eurovision Song Contest: The Story of Fire Saga","8/6/20"
"Black Mirror: Season 2: The Waldo Moment","8/6/20"
"Black Mirror: Season 2: White Christmas","8/6/20"
"Black Mirror: Season 2: White Bear","8/6/20"
"Black Mirror: Season 2: Be Right Back","8/6/20"
"Black Mirror: Season 1: Fifteen Million Merits","8/6/20"
"Black Mirror: Season 1: The Entire History of You","8/6/20"
"Black Mirror: Season 1: The National Anthem","8/6/20"
"Black Mirror: Season 5: Rachel, Jack and Ashley Too","8/6/20"
"Patriot Act with Hasan Minhaj: Volume 6: What Happens If You Can't Pay Rent?","8/6/20"
"The Good Place: Season 3: Pandemonium","8/6/20"
"The Good Place: Season 3: Chidi Sees the Time-Knife","8/6/20"
"The Good Place: Season 3: The Book of Dougs","8/6/20"
"The Good Place: Season 3: Janet(s)","8/6/20"
"The Good Place: Season 3: Don't Let the Good Life Pass You By","8/6/20"
"The Good Place: Season 3: The Worst Possible Use of Free Will","8/6/20"
"The Good Place: Season 3: A Fractured Inheritance","8/6/20"
"The Good Place: Season 3: The Ballad of Donkey Doug","8/6/20"
"The Good Place: Season 3: Jeremy Bearimy","8/6/20"
"The Good Place: Season 3: The Snowplow","8/6/20"
"The Good Place: Season 3: The Brainy Bunch","8/6/20"
"The Good Place: Season 3: Everything is Bonzer","8/6/20"
"The Good Place: Season 2: Somewhere Else","8/6/20"
"The Good Place: Season 2: The Burrito","8/6/20"
"The Good Place: Season 2: Rhonda, Diana, Jake, and Trent","8/5/20"
"The Good Place: Season 2: Best Self","8/5/20"
"The Good Place: Season 2: Leap to Faith","8/5/20"
"The Good Place: Season 2: Derek","8/5/20"
"The Good Place: Season 2: Janet and Michael","8/5/20"
"The Good Place: Season 2: The Trolley Problem","8/5/20"
"The Good Place: Season 2: Existential Crisis","8/5/20"
"The Good Place: Season 2: Team Cockroach","8/5/20"
"The Good Place: Season 2: Dance Dance Resolution","8/5/20"
"The Good Place: Season 2: Everything Is Great!","8/5/20"
"The Good Place: Season 1: Michael's Gambit","8/5/20"
"The Good Place: Season 1: Mindy St. Claire","8/5/20"
"The Good Place: Season 1: What's My Motivation","8/5/20"
"The Good Place: Season 1: Chidi's Choice","8/5/20"
"The Good Place: Season 1: ...Someone Like Me as a Member","8/5/20"
"The Good Place: Season 1: Most Improved Player","8/5/20"
"The Good Place: Season 1: The Eternal Shriek","8/5/20"
"The Good Place: Season 1: What We Owe to Each Other","8/5/20"
"The Good Place: Season 1: Category 55 Emergency Doomsday Crisis","8/5/20"
"The Good Place: Season 1: Jason Mendoza","8/5/20"
"The Good Place: Season 1: Tahani Al-Jamil","8/5/20"
"Criminal Minds: Season 12: Red Light","8/5/20"
"Black Mirror: Season 4: USS Callister","8/5/20"
"Black Mirror: Season 5: Smithereens","8/5/20"
"Black Mirror: Season 5: Striking Vipers","8/5/20"
"Atypical: Season 3: Searching for Brown Sugar Man","8/4/20"
"Atypical: Season 3: Sam Takes a Walk","8/4/20"
"Atypical: Season 3: Road Rage Paige","8/4/20"
"Atypical: Season 3: Shrinkage","8/4/20"
"Atypical: Season 3: The Essence of a Penguin","8/4/20"
"Atypical: Season 3: Only Tweed","8/4/20"
"Atypical: Season 3: Y.G.A.G.G.","8/4/20"
"Atypical: Season 3: Cocaine Pills and Pony Meat","8/4/20"
"Atypical: Season 3: Standing Sam","8/4/20"
"Atypical: Season 3: Best Laid Plans","8/4/20"
"Atypical: Season 2: Ernest Shackleton's Rules for Survival","8/4/20"
"Atypical: Season 2: Ritual-licious","8/4/20"
"Atypical: Season 2: Living at an Angle","8/4/20"
"Atypical: Season 2: The Smudging","8/3/20"
"Atypical: Season 2: In the Dragon's Lair","8/3/20"
"Atypical: Season 2: The Egg Is Pipping","8/3/20"
"Atypical: Season 2: Pants on Fire","8/3/20"
"Atypical: Season 2: Little Dude and the Lion","8/3/20"
"Atypical: Season 2: Penguin Cam and Chill","8/3/20"
"Atypical: Season 2: Juiced!","8/3/20"
"Atypical: Season 1: The Silencing Properties of Snow","8/3/20"
"Atypical: Season 1: I Lost My Poor Meatball","8/3/20"
"Atypical: Season 1: The D-Train to Bone Town","8/3/20"
"Atypical: Season 1: That’s My Sweatshirt","8/3/20"
"Atypical: Season 1: A Nice Neutral Smell","8/3/20"
"Atypical: Season 1: Julia Says","8/3/20"
"Atypical: Season 1: A Human Female","8/3/20"
"Atypical: Season 1: Antarctica","8/3/20"
"Grace and Frankie: Season 6: The Change","8/3/20"
"Grace and Frankie: Season 6: The Tank","8/2/20"
"Grace and Frankie: Season 6: The Laughing Stock","8/2/20"
"Grace and Frankie: Season 6: The Scent","8/2/20"
"Grace and Frankie: Season 6: The One-At-A-Timing","8/2/20"
"Grace and Frankie: Season 6: The Short Rib","8/2/20"
"Grace and Frankie: Season 6: The Surprises","8/2/20"
"Grace and Frankie: Season 6: The Bad Hearer","8/2/20"
"Grace and Frankie: Season 6: The Confessions","8/1/20"
"Grace and Frankie: Season 6: The Funky Walnut","8/1/20"
"Grace and Frankie: Season 6: The Trophy Wife","8/1/20"
"Grace and Frankie: Season 6: The Rescue","8/1/20"
"Grace and Frankie: Season 6: The Newlyweds","8/1/20"
"Grace and Frankie: Season 5: The Alternative","8/1/20"
"Grace and Frankie: Season 5: The Wedding","7/31/20"
"Grace and Frankie: Season 5: The Video","7/31/20"
"Grace and Frankie: Season 5: The Highs","7/31/20"
"Grace and Frankie: Season 5: The Website","7/31/20"
"Grace and Frankie: Season 5: The Ceremony","7/31/20"
"Grace and Frankie: Season 5: The Tremor","7/31/20"
"Grace and Frankie: Season 5: The Retreat","7/31/20"
"Grace and Frankie: Season 5: The Pharmacy","7/31/20"
"Grace and Frankie: Season 5: The Crosswalk","7/31/20"
"Grace and Frankie: Season 5: The Aide","7/31/20"
"Grace and Frankie: Season 5: The Squat","7/31/20"
"Grace and Frankie: Season 5: The House","7/31/20"
"Grace and Frankie: Season 4: The Home","7/31/20"
"Grace and Frankie: Season 4: The Rats","7/31/20"
"Grace and Frankie: Season 4: The Tub","7/31/20"
"Grace and Frankie: Season 4: The Death Stick","7/31/20"
"Grace and Frankie: Season 4: The Knee","7/31/20"
"Grace and Frankie: Season 4: The Lockdown","7/31/20"
"Grace and Frankie: Season 4: The Landline","7/31/20"
"Grace and Frankie: Season 4: The Hinge","7/30/20"
"Grace and Frankie: Season 4: The Pop-Ups","7/30/20"
"Grace and Frankie: Season 4: The Expiration Date","7/30/20"
"Grace and Frankie: Season 4: The Tappys","7/30/20"
"The 100: Season 6: The Blood of Sanctum","7/29/20"
"Criminal Minds: Season 12: Unforgettable","7/29/20"
"Grey's Anatomy: Season 16: Put On A Happy Face","7/29/20"
"Riverdale: Season 4: Chapter Seventy-Six: Killing Mr. Honey","7/29/20"
"Grace and Frankie: Season 4: The Scavengender Hunt","7/29/20"
"Grace and Frankie: Season 4: The Lodger","7/29/20"
"Grace and Frankie: Season 3: The Sign","7/29/20"
"Grace and Frankie: Season 3: The Musical","7/29/20"
"Grace and Frankie: Season 3: The Other Vibrator","7/29/20"
"Grace and Frankie: Season 3: The Labels","7/29/20"
"Grace and Frankie: Season 3: The Apology","7/29/20"
"Grace and Frankie: Season 3: The Alert","7/28/20"
"Grace and Frankie: Season 3: The Floor","7/28/20"
"Grace and Frankie: Season 3: The Pot","7/28/20"
"Grace and Frankie: Season 3: The Gun","7/28/20"
"Grace and Frankie: Season 3: The Burglary","7/28/20"
"Grace and Frankie: Season 3: The Focus Group","7/28/20"
"Grace and Frankie: Season 3: The Incubator","7/28/20"
"Grace and Frankie: Season 3: The Art Show","7/28/20"
"Grace and Frankie: Season 2: The Coup","7/28/20"
"Grace and Frankie: Season 2: The Party","7/28/20"
"Grace and Frankie: Season 2: The Bender","7/28/20"
"Grace and Frankie: Season 2: The Loophole","7/28/20"
"Grace and Frankie: Season 2: The Goodbyes","7/28/20"
"Grace and Frankie: Season 2: The Anchor","7/27/20"
"Grace and Frankie: Season 2: The Boar","7/27/20"
"Grace and Frankie: Season 2: The Chicken","7/27/20"
"Grace and Frankie: Season 2: The Test","7/27/20"
"Grace and Frankie: Season 2: The Road Trip","7/27/20"
"Grace and Frankie: Season 2: The Negotiation","7/27/20"
"Grace and Frankie: Season 2: The Vitamix","7/27/20"
"Grace and Frankie: Season 2: The Wish","7/27/20"
"Grace and Frankie: Season 1: The Vows","7/27/20"
"Grace and Frankie: Season 1: The Bachelor Party","7/27/20"
"Grace and Frankie: Season 1: The Secrets","7/27/20"
"Grace and Frankie: Season 1: The Elevator","7/26/20"
"Grace and Frankie: Season 1: The Invitation","7/26/20"
"Grace and Frankie: Season 1: The Sex","7/26/20"
"Grace and Frankie: Season 1: The Spelling Bee","7/26/20"
"Grace and Frankie: Season 1: The Earthquake","7/26/20"
"Grace and Frankie: Season 1: The Fall","7/26/20"
"Grace and Frankie: Season 1: The Funeral","7/26/20"
"Grace and Frankie: Season 1: The Dinner","7/26/20"
"Grace and Frankie: Season 1: The Credit Cards","7/26/20"
"Grace and Frankie: Season 1: The End","7/26/20"
"Down to Earth with Zac Efron: Season 1: Iquitos","7/26/20"
"Down to Earth with Zac Efron: Season 1: London","7/26/20"
"Down to Earth with Zac Efron: Season 1: Puerto Rico","7/26/20"
"Down to Earth with Zac Efron: Season 1: Lima","7/26/20"
"Down to Earth with Zac Efron: Season 1: Sardinia","7/21/20"
"Down to Earth with Zac Efron: Season 1: Costa Rica","7/21/20"
"Down to Earth with Zac Efron: Season 1: France","7/21/20"
"Down to Earth with Zac Efron: Season 1: Iceland","7/21/20"
"Grey's Anatomy: Season 1: The First Cut Is the Deepest","7/20/20"
"Anne with an E: Season 3: The Better Feelings of My Heart","7/20/20"
"Anne with an E: Season 3: A Dense and Frightful Darkness","7/20/20"
"Anne with an E: Season 3: Great and Sudden Change","7/19/20"
"Anne with an E: Season 3: A Strong Effort of the Spirit of Good","7/19/20"
"Anne with an E: Season 3: The Summit of My Desires","7/19/20"
"Anne with an E: Season 3: I Am Fearless and Therefore Powerful","7/19/20"
"Sherlock: Series 4: The Lying Detective","7/18/20"
"Anne with an E: Season 3: A Hope of Meeting You in Another World","7/18/20"
"Anne with an E: Season 3: What Can Stop the Determined Heart","7/18/20"
"Anne with an E: Season 3: There Is Something at Work in My Soul Which I Do Not Understand","7/18/20"
"Anne with an E: Season 3: A Secret Which I Desired to Divine","7/17/20"
"Anne with an E: Season 2: The Growing Good of the World","7/16/20"
"Anne with an E: Season 2: What We Have Been Makes Us What We Are","7/16/20"
"Anne with an E: Season 2: Struggling Against the Perception of Facts","7/16/20"
"Anne with an E: Season 2: Memory Has as Many Moods as the Temper","7/16/20"
"Anne with an E: Season 2: I Protest Against Any Absolute Conclusion","7/16/20"
"Anne with an E: Season 2: The Determining Acts of Her Life","7/16/20"
"Anne with an E: Season 2: The Painful Eagerness of Unfed Hope","7/16/20"
"Anne with an E: Season 2: Signs Are Small Measurable Things, But Interpretations Are Illimitable","7/16/20"
"Anne with an E: Season 2: Youth Is the Season of Hope","7/16/20"
"Anne with an E: Season 1: Wherever You Are Is My Home","7/15/20"
"Anne with an E: Season 1: Remorse Is the Poison of Life","7/15/20"
"Anne with an E: Season 1: Tightly Knotted to a Similar String","7/15/20"
"Riverdale: Season 4: Chapter Seventy-Five: Lynchian","7/15/20"
"Riverdale: Season 4: Chapter Seventy-Four: Wicked Little Town","7/15/20"
"Riverdale: Season 4: Chapter Seventy-Three: The Locked Room","7/15/20"
"Riverdale: Season 4: Chapter Seventy-Two: To Die For","7/15/20"
"Riverdale: Season 4: Chapter Seventy-One: How To Get Away With Murder","7/15/20"
"Riverdale: Season 4: Chapter Seventy: The Ides of March","7/15/20"
"Riverdale: Season 4: Chapter Sixty-Nine: Men of Honor","7/15/20"
"Riverdale: Season 4: Chapter Sixty-Eight Quiz Show","7/15/20"
"Riverdale: Season 4: Chapter Sixty-Seven: Varsity Blues","7/15/20"
"Riverdale: Season 4: Chapter Sixty-Six: Tangerine","7/15/20"
"Riverdale: Season 4: Chapter Sixty-Five: “In Treatment”","7/15/20"
"Riverdale: Season 4: Chapter Sixty-Four: “The Ice Storm”","7/15/20"
"Riverdale: Season 4: Chapter Sixty-Three: “Hereditary”","7/15/20"
"Riverdale: Season 4: Chapter Sixty-One: “Halloween”","7/15/20"
"Riverdale: Season 4: Chapter Sixty: Dog Day Afternoon","7/15/20"
"Riverdale: Season 4: Chapter Fifty-Nine: Fast Times at Riverdale High","7/15/20"
"Riverdale: Season 4: Chapter Fifty-Eight: In Memoriam","7/15/20"
"Riverdale: Season 3: Chapter Fifty-Seven: Survive the Night","7/15/20"
"Riverdale: Season 3: Chapter Fifty-Six: The Dark Secret of Harvest House","7/15/20"
"Riverdale: Season 3: Chapter Fifty-Five: Prom Night","7/15/20"
"Riverdale: Season 3: Chapter Fifty-Four: “Fear the Reaper”","7/15/20"
"Riverdale: Season 3: Chapter Fifty-Three: Jawbreaker","7/15/20"
"Riverdale: Season 3: Chapter Fifty-Two: “The Raid”","7/15/20"
"Riverdale: Season 3: Chapter Fifty-One: Big Fun","7/15/20"
"Riverdale: Season 3: Chapter Fifty: American Dreams","7/15/20"
"Riverdale: Season 3: Chapter Forty-Nine: Fire Walk With Me","7/15/20"
"Riverdale: Season 3: Chapter Forty-Eight: Requiem for a Welterweight","7/15/20"
"Riverdale: Season 3: Chapter	Forty-Seven:	Bizarrodale","7/15/20"
"Riverdale: Season 3: Chapter Forty-Six: The Red Dahlia","7/15/20"
"Riverdale: Season 3: Chapter Forty-Five: The Stranger","7/15/20"
"Riverdale: Season 3: Chapter Forty-Four: No Exit","7/15/20"
"Riverdale: Season 3: Chapter Forty-Three: Outbreak","7/15/20"
"Riverdale: Season 3: Chapter Forty-Two: The Man in Black","7/15/20"
"Riverdale: Season 3: Chapter Forty-One: Manhunter","7/15/20"
"Riverdale: Season 3: Chapter Forty: The Great Escape","7/15/20"
"Riverdale: Season 3: Chapter Thirty-Nine: The Midnight Club","7/15/20"
"Riverdale: Season 3: Chapter Thirty-Eight: “As Above, So Below”","7/15/20"
"Riverdale: Season 3: Chapter Thirty-Seven: Fortune and Men's Eyes","7/15/20"
"Riverdale: Season 3: Chapter Thirty-Six: Labor Day","7/15/20"
"Riverdale: Season 2: Chapter Thirty-Five: Brave New World","7/15/20"
"Riverdale: Season 2: Chapter Thirty-Four: Judgment Night","7/15/20"
"Riverdale: Season 2: Chapter Thirty-Three: Shadow of a Doubt","7/15/20"
"Riverdale: Season 2: Chapter Thirty-Two: Prisoners","7/15/20"
"Riverdale: Season 2: Chapter Thirty-One: A Night to Remember","7/15/20"
"Riverdale: Season 2: Chapter Thirty: The Noose Tightens","7/15/20"
"Riverdale: Season 2: Chapter Twenty-Eight: There Will Be Blood","7/15/20"
"Riverdale: Season 2: Chapter Twenty-Six: The Tell-Tale Heart","7/15/20"
"Riverdale: Season 2: Chapter Twenty-Five: The Wicked and the Divine","7/15/20"
"Riverdale: Season 2: Chapter Twenty-Four: The Wrestler","7/15/20"
"Riverdale: Season 2: Chapter Twenty-Two: Silent Night, Deadly Night","7/15/20"
"Riverdale: Season 2: Chapter Twenty-One: House of the Devil","7/15/20"
"Riverdale: Season 2: Chapter Twenty: Tales from the Darkside","7/15/20"
"Riverdale: Season 2: Chapter Nineteen: Death Proof","7/15/20"
"Riverdale: Season 2: Chapter Eighteen: When a Stranger Calls","7/15/20"
"Riverdale: Season 2: Chapter Seventeen: The Town That Dreaded Sundown","7/15/20"
"Riverdale: Season 2: Chapter Sixteen: The Watcher in the Woods","7/15/20"
"Riverdale: Season 2: Chapter Fifteen: Nighthawks","7/15/20"
"Riverdale: Season 2: Chapter Fourteen: A Kiss Before Dying","7/15/20"
"Riverdale: Season 1: Chapter Thirteen: The Sweet Hereafter","7/15/20"
"Riverdale: Season 1: Chapter Twelve: Anatomy of a Murder","7/15/20"
"Riverdale: Season 1: Chapter Eleven: To Riverdale and Back Again","7/15/20"
"Riverdale: Season 1: Chapter Ten: The Lost Weekend","7/15/20"
"Riverdale: Season 1: Chapter Nine: La Grande Illusion","7/15/20"
"Riverdale: Season 1: Chapter Eight: The Outsiders","7/15/20"
"Criminal Minds: Season 2: Psychodrama","7/15/20"
"Criminal Minds: Season 2: The Perfect Storm","7/15/20"
"Criminal Minds: Season 2: P911","7/15/20"
"Criminal Minds: Season 2: The Fisher King: Part 2","7/15/20"
"Criminal Minds: Season 1: The Fisher King: Part 1","7/15/20"
"Criminal Minds: Season 1: Secrets and Lies","7/15/20"
"Criminal Minds: Season 1: Charm and Harm","7/15/20"
"Criminal Minds: Season 1: Machismo","7/15/20"
"Criminal Minds: Season 1: Somebody's Watching","7/15/20"
"Criminal Minds: Season 1: A Real Rain","7/15/20"
"Criminal Minds: Season 1: The Tribe","7/15/20"
"Criminal Minds: Season 1: Unfinished Business","7/15/20"
"Criminal Minds: Season 1: Riding the Lightning","7/15/20"
"Criminal Minds: Season 1: Poison","7/15/20"
"Criminal Minds: Season 1: What Fresh Hell?","7/15/20"
"Criminal Minds: Season 1: Blood Hungry","7/15/20"
"Criminal Minds: Season 1: The Popular Kids","7/15/20"
"Criminal Minds: Season 1: Derailed","7/15/20"
"Criminal Minds: Season 1: Natural Born Killer","7/15/20"
"Criminal Minds: Season 1: The Fox","7/15/20"
"Dear White People: Volume 2: Chapter III","7/15/20"
"Dear White People: Volume 2: Chapter II","7/15/20"
"Dear White People: Volume 2: Chapter I","7/15/20"
"Dear White People: Volume 1: Chapter X","7/15/20"
"Dear White People: Volume 1: Chapter IX","7/15/20"
"Dear White People: Volume 1: Chapter VIII","7/15/20"
"Dear White People: Volume 1: Chapter VII","7/15/20"
"Dear White People: Volume 1: Chapter VI","7/15/20"
"Dear White People: Volume 1: Chapter V","7/15/20"
"Dear White People: Volume 1: Chapter IV","7/15/20"
"Dear White People: Volume 1: Chapter III","7/15/20"
"Dear White People: Volume 1: Chapter II","7/15/20"
"Dear White People: Volume 1: Chapter I","7/15/20"
"The Half Of It","7/15/20"
"Becoming","7/14/20"
"Desperados","7/13/20"
"The Edge of Seventeen","7/13/20"
"Riverdale: Season 1: Chapter Seven: In a Lonely Place","7/13/20"
"Riverdale: Season 1: Chapter Six: Faster, Pussycats! Kill! Kill!","7/13/20"
"Riverdale: Season 1: Chapter Five: Heart of Darkness","7/13/20"
"Riverdale: Season 1: Chapter Four: The Last Picture Show","7/13/20"
"Riverdale: Season 1: Chapter Three: Body Double","7/13/20"
"Riverdale: Season 1: Chapter Two: Touch of Evil","7/13/20"
"Riverdale: Season 1: Chapter One: The River's Edge","7/13/20"
"Knock Down The House","7/13/20"
"Patriot Act with Hasan Minhaj: Volume 3: Why Your Internet Sucks","7/13/20"
"Patriot Act with Hasan Minhaj: Volume 4: Fentanyl","7/13/20"
"Patriot Act with Hasan Minhaj: Volume 4: The Dark Side of the Video Game Industry","7/13/20"
"Patriot Act with Hasan Minhaj: Volume 4: Why Your Public Transportation Sucks","7/13/20"
"Patriot Act with Hasan Minhaj: Volume 4: The Real Cost of Cruises","7/13/20"
"Patriot Act with Hasan Minhaj: Volume 4: The Two Sides of Canada","7/13/20"
"The Office (U.S.): Season 9: Finale","7/13/20"
"The Office (U.S.): Season 9: A.A.R.M","7/13/20"
"The Office (U.S.): Season 9: Livin' the Dream","7/13/20"
"The Office (U.S.): Season 9: Paper Airplane","7/13/20"
"The Office (U.S.): Season 9: Stairmageddon","7/12/20"
"The Office (U.S.): Season 9: Promos","7/12/20"
"The Office (U.S.): Season 9: The Farm","7/12/20"
"The Office (U.S.): Season 9: Moving On","7/12/20"
"The Office (U.S.): Season 9: Couple's Discount","7/12/20"
"The Office (U.S.): Season 9: Vandalism","7/12/20"
"The Office (U.S.): Season 9: Junior Salesman","7/12/20"
"The Office (U.S.): Season 9: Customer Loyalty","7/12/20"
"The Office (U.S.): Season 9: Suit Warehouse","7/12/20"
"The Office (U.S.): Season 9: Lice","7/12/20"
"The Office (U.S.): Season 9: Dwight Christmas","7/12/20"
"The Office (U.S.): Season 9: The Target","7/12/20"
"The Office (U.S.): Season 9: The Whale","7/12/20"
"The Office (U.S.): Season 9: The Boat","7/12/20"
"The Office (U.S.): Season 9: Here Comes Treble","7/12/20"
"The Office (U.S.): Season 9: Work Bus","7/12/20"
"The Office (U.S.): Season 9: Andy's Ancestry","7/12/20"
"The Office (U.S.): Season 9: Roy's Wedding","7/12/20"
"Chilling Adventures of Sabrina: Part 3: Chapter Twenty-Eight: Sabrina Is Legend","7/12/20"
"Chilling Adventures of Sabrina: Part 3: Chapter Twenty-Seven: The Judas Kiss","7/12/20"
"Chilling Adventures of Sabrina: Part 3: Chapter Twenty-Six: All of Them Witches","7/12/20"
"Chilling Adventures of Sabrina: Part 3: Chapter Twenty-Five: The Devil Within","7/12/20"
"Chilling Adventures of Sabrina: Part 3: Chapter Twenty-Four: The Hare Moon","7/12/20"
"Chilling Adventures of Sabrina: Part 3: Chapter Twenty-Three: Heavy Is the Crown","7/12/20"
"Chilling Adventures of Sabrina: Part 3: Chapter Twenty-Two: Drag Me to Hell","7/11/20"
"The Office (U.S.): Season 9: New Guys","7/11/20"
"The Office (U.S.): Season 8: Free Family Portrait Studio","7/11/20"
"The Office (U.S.): Season 8: Turf War","7/11/20"
"The Office (U.S.): Season 8: Fundraiser","7/11/20"
"The Office (U.S.): Season 8: Angry Andy","7/11/20"
"The Office (U.S.): Season 8: Welcome Party","7/11/20"
"The Office (U.S.): Season 8: Get the Girl","7/11/20"
"The Office (U.S.): Season 8: Last Day in Florida","7/11/20"
"The Office (U.S.): Season 8: Test the Store","7/11/20"
"The Office (U.S.): Season 8: After Hours","7/11/20"
"The Office (U.S.): Season 8: Tallahassee","7/11/20"
"The Office (U.S.): Season 8: Special Project","7/11/20"
"The Office (U.S.): Season 8: Jury Duty","7/11/20"
"The Office (U.S.): Season 8: Pool Party","7/11/20"
"The Office (U.S.): Season 8: Trivia","7/11/20"
"The Office (U.S.): Season 8: Christmas Wishes","7/11/20"
"The Office (U.S.): Season 8: Mrs. California","7/11/20"
"The Office (U.S.): Season 8: Gettysburg","7/11/20"
"The Office (U.S.): Season 8: Pam's Replacement","7/11/20"
"The Office (U.S.): Season 8: Doomsday","7/11/20"
"The Office (U.S.): Season 8: Spooked","7/11/20"
"The Office (U.S.): Season 8: Garden Party","7/11/20"
"The Office (U.S.): Season 8: Lotto","7/11/20"
"The Office (U.S.): Season 8: The Incentive","7/11/20"
"The Office (U.S.): Season 8: The List","7/11/20"
"Chilling Adventures of Sabrina: Part 3: Chapter Twenty-One: The Hellbound Heart","7/10/20"
"Chilling Adventures of Sabrina: Part 2: Chapter Twenty: The Mephisto Waltz","7/10/20"
"Chilling Adventures of Sabrina: Part 2: Chapter Nineteen: The Mandrake","7/10/20"
"Chilling Adventures of Sabrina: Part 2: Chapter Eighteen: The Miracles of Sabrina Spellman","7/10/20"
"Chilling Adventures of Sabrina: Part 2: Chapter Seventeen: The Missionaries","7/10/20"
"Chilling Adventures of Sabrina: Part 2: Chapter Sixteen: Blackwood","7/10/20"
"Chilling Adventures of Sabrina: Part 2: Chapter Fifteen: Doctor Cerberus's House of Horror","7/10/20"
"Chilling Adventures of Sabrina: Part 2: Chapter Fourteen: Lupercalia","7/10/20"
"The Office (U.S.): Season 7: Search Committee: Part 2","7/10/20"
"The Office (U.S.): Season 7: Search Committee: Part 1","7/10/20"
"The Office (U.S.): Season 7: Dwight K. Schrute, (Acting) Manager","7/10/20"
"The Office (U.S.): Season 7: The Inner Circle","7/10/20"
"Chilling Adventures of Sabrina: Part 2: Chapter Thirteen: The Passion of Sabrina Spellman","7/9/20"
"Chilling Adventures of Sabrina: Part 2: Chapter Twelve: The Epiphany","7/9/20"
"Chilling Adventures of Sabrina: Part 1: Chapter Eleven: A Midwinter's Tale","7/9/20"
"Miss Americana","7/9/20"
"Chilling Adventures of Sabrina: Part 1: Chapter Ten: The Witching Hour","7/8/20"
"Chilling Adventures of Sabrina: Part 1: Chapter Nine: The Returned Man","7/8/20"
"Chilling Adventures of Sabrina: Part 1: Chapter Eight: The Burial","7/8/20"
"Chilling Adventures of Sabrina: Part 1: Chapter Seven: Feast of Feasts","7/8/20"
"Chilling Adventures of Sabrina: Part 1: Chapter Six: An Exorcism in Greendale","7/8/20"
"Chilling Adventures of Sabrina: Part 1: Chapter Five: Dreams in a Witch House","7/8/20"
"The Office (U.S.): Season 7: Goodbye, Michael","7/8/20"
"Chilling Adventures of Sabrina: Part 1: Chapter Four: Witch Academy","7/7/20"
"Chilling Adventures of Sabrina: Part 1: Chapter Three: The Trial of Sabrina Spellman","7/7/20"
"Chilling Adventures of Sabrina: Part 1: Chapter Two: The Dark Baptism","7/7/20"
"Chilling Adventures of Sabrina: Part 1: Chapter One: October Country","7/7/20"
"The Office (U.S.): Season 7: Michael's Last Dundies","7/7/20"
"The Office (U.S.): Season 7: Training Day","7/7/20"
"The Office (U.S.): Season 7: Garage Sale","7/7/20"
"The Office (U.S.): Season 7: Todd Packer","7/7/20"
"The Office (U.S.): Season 7: Threat Level Midnight","7/7/20"
"The Office (U.S.): Season 7: PDA","7/7/20"
"The Office (U.S.): Season 7: The Search","7/7/20"
"The Office (U.S.): Season 7: The Seminar","7/7/20"
"The Office (U.S.): Season 7: Ultimatum","7/7/20"
"The Office (U.S.): Season 7: Classy Christmas: Part 2","7/6/20"
"The Office (U.S.): Season 7: Classy Christmas: Part 1","7/6/20"
"The Office (U.S.): Season 7: China","7/6/20"
"The Office (U.S.): Season 7: WUPHF.com","7/6/20"
"The Office (U.S.): Season 7: Viewing Party","7/6/20"
"The Office (U.S.): Season 7: Christening","7/6/20"
"The Office (U.S.): Season 7: Costume Contest","7/6/20"
"The Office (U.S.): Season 7: The Sting","7/6/20"
"The Office (U.S.): Season 7: Sex Ed","7/6/20"
"The Office (U.S.): Season 7: Andy's Play","7/6/20"
"The Office (U.S.): Season 7: Counseling","7/6/20"
"The Office (U.S.): Season 7: Nepotism","7/6/20"
"The Office (U.S.): Season 6: Whistleblower","7/6/20"
"The Office (U.S.): Season 6: The Chump","7/5/20"
"The Office (U.S.): Season 6: The Cover-Up","7/5/20"
"The Office (U.S.): Season 6: Body Language","7/5/20"
"Criminal Minds: Season 1: L.D.S.K.","7/4/20"
"Criminal Minds: Season 1: Broken Mirror","7/4/20"
"Criminal Minds: Season 1: Plain Sight","7/4/20"
"Criminal Minds: Season 1: Won't Get Fooled Again","7/4/20"
"Criminal Minds: Season 1: Compulsion","7/4/20"
"Stranger Things: Chapter One: The Vanishing Of Will Byers","7/4/20"
"A Thousand Words","7/4/20"
"Spider-Man: Into the Spider-Verse","7/4/20"
"Marriage Story","7/4/20"
"Sherlock: Series 4: The Six Thatchers","7/3/20"
"Sherlock: Series 3: The Abominable Bride","7/3/20"
"Sherlock: Series 3: The Sign of Three","7/3/20"
"Sherlock: Series 3: The Empty Hearse","7/3/20"
"Sherlock: Series 2: The Reichenbach Fall","7/3/20"
"Criminal Minds: Season 1: Extreme Aggressor","7/3/20"
"Stranger Things: Stranger Things 3: Chapter Eight: The Battle of Starcourt","7/3/20"
"Stranger Things: Stranger Things 3: Chapter Seven: The Bite","7/2/20"
"Stranger Things: Stranger Things 3: Chapter Six: E Pluribus Unum","7/2/20"
"Stranger Things: Stranger Things 3: Chapter Five: The Flayed","7/2/20"
"Stranger Things: Stranger Things 3: Chapter Four: The Sauna Test","7/2/20"
"Stranger Things: Stranger Things 3: Chapter Three: The Case of the Missing Lifeguard","7/2/20"
"Stranger Things: Stranger Things 3: Chapter Two: The Mall Rats","7/2/20"
"Stranger Things: Stranger Things 3: Chapter One: Suzie, Do You Copy?","7/2/20"
"Stranger Things: Stranger Things 2: Chapter Nine: The Gate","7/2/20"
"Stranger Things: Stranger Things 2: Chapter Eight: The Mind Flayer","7/2/20"
"Stranger Things: Stranger Things 2: Chapter Seven: The Lost Sister","7/1/20"
"Stranger Things: Stranger Things 2: Chapter Six: The Spy","7/1/20"
"Stranger Things: Stranger Things 2: Chapter Five: Dig Dug","7/1/20"
"Stranger Things: Stranger Things 2: Chapter Four: Will the Wise","7/1/20"
"Stranger Things: Stranger Things 2: Chapter Three: The Pollywog","7/1/20"
"Stranger Things: Stranger Things 2: Chapter Two: Trick or Treat, Freak","7/1/20"
"Stranger Things: Stranger Things 2: Chapter One: MADMAX","7/1/20"
"Stranger Things: Chapter Eight: The Upside Down","7/1/20"
"Stranger Things: Chapter Seven: The Bathtub","7/1/20"
"Stranger Things: Chapter Six: The Monster","7/1/20"
"Stranger Things: Chapter Five: The Flea and the Acrobat","6/28/20"
"Stranger Things: Chapter Four: The Body","6/27/20"
"Stranger Things: Chapter Three: Holly, Jolly","6/27/20"
"Stranger Things: Chapter Two: The Weirdo on Maple Street","6/27/20"
"Elite: Season 1: Welcome","6/27/20"
"Patriot Act with Hasan Minhaj: Volume 4: The Broken Policing System","6/26/20"
"Patriot Act with Hasan Minhaj: Volume 5: Mental Health","6/26/20"
"Patriot Act with Hasan Minhaj: Volume 5: Trump's Worst Policy: Killing Asylum","6/26/20"
"Patriot Act with Hasan Minhaj: Volume 5: The Ugly Truth of Fast Fashion","6/26/20"
"Patriot Act with Hasan Minhaj: Volume 5: Why Billionaires Won't Save Us","6/26/20"
"Patriot Act with Hasan Minhaj: Volume 5: Don't Ignore the Asian Vote in 2020","6/26/20"
"Patriot Act with Hasan Minhaj: Volume 5: Why We Can't Retire","6/25/20"
"Patriot Act with Hasan Minhaj: Volume 6: The Legal Marijuana Industry Is Rigged","6/25/20"
"Patriot Act with Hasan Minhaj: Volume 5: How America Is Causing Global Obesity","6/25/20"
"Patriot Act with Hasan Minhaj: Volume 6: We Cannot Stay Silent About George Floyd","6/25/20"
"Patriot Act with Hasan Minhaj: Volume 6: How Coronavirus Broke America","6/25/20"
"Patriot Act with Hasan Minhaj: Volume 6: Why the News Industry Is Dying","6/25/20"
"Patriot Act with Hasan Minhaj: Volume 6: Is College Still Worth It?","6/25/20"
"Patriot Act with Hasan Minhaj: Volume 6: We're Doing Elections Wrong","6/25/20"
"Space Force: Season 1: PROPORTIONATE RESPONSE","6/25/20"
"Space Force: Season 1: IT’S GOOD TO BE BACK ON THE MOON","6/25/20"
"Space Force: Season 1: CONJUGAL VISIT","6/25/20"
"Space Force: Season 1: EDISON JAYMES","6/25/20"
"Space Force: Season 1: THE SPY","6/25/20"
"Space Force: Season 1: SPACE FLAG","6/25/20"
"Space Force: Season 1: LUNAR HABITAT","6/25/20"
"Space Force: Season 1: MARK AND MALLORY GO TO WASHINGTON","6/25/20"
"Space Force: Season 1: SAVE EPSILON 6!","6/25/20"
"Space Force: Season 1: THE LAUNCH","6/25/20"
"The Politician: Season 2: Election Day","6/24/20"
"The Politician: Season 2: What's in the Box?","6/24/20"
"The Politician: Season 2: The Voters","6/24/20"
"The Politician: Season 2: Hail Mary","6/24/20"
"The Politician: Season 2: Cancel Culture","6/24/20"
"The Politician: Season 2: Conscious Unthroupling","6/24/20"
"The Politician: Season 2: New York State of Mind","6/24/20"
"The Politician: Season 1: Vienna","6/24/20"
"The Politician: Season 1: The Assassination of Payton Hobart: Part 2","6/24/20"
"The Politician: Season 1: The Assassination of Payton Hobart","6/24/20"
"The Politician: Season 1: The Voter","6/24/20"
"The Politician: Season 1: Gone Girl","6/24/20"
"The Politician: Season 1: October Surprise","6/24/20"
"The Politician: Season 1: The Harrington Commode","6/24/20"
"The Politician: Season 1: Pilot","6/23/20"
"The Office (U.S.): Season 6: Secretary's Day","6/23/20"
"The Office (U.S.): Season 6: Happy Hour","6/23/20"
"The Office (U.S.): Season 6: New Leads","6/23/20"
"The Office (U.S.): Season 6: St. Patrick's Day","6/23/20"
"Riverdale: Season 4: Chapter Sixty-Two: Witness for the Prosecution","6/20/20"
"Riverdale: Season 2: Chapter Twenty-Nine: Primary Colors","6/17/20"
"Riverdale: Season 2: Chapter Twenty-Seven: The Hills Have Eyes","6/16/20"
"Riverdale: Season 2: Chapter Twenty-Three: The Blackboard Jungle","6/16/20"
"The Office (U.S.): Season 6: Delivery: Part 2","6/15/20"
"The Office (U.S.): Season 6: Delivery: Part 1","6/15/20"
"The Office (U.S.): Season 6: Manager and the Salesman","6/15/20"
"The Office (U.S.): Season 6: Sabre","6/15/20"
"The Office (U.S.): Season 6: The Banker","6/15/20"
"The Office (U.S.): Season 6: Secret Santa","6/15/20"
"The Office (U.S.): Season 6: Scott's Tots","6/15/20"
"The Office (U.S.): Season 6: Shareholder Meeting","6/15/20"
"The Office (U.S.): Season 6: Murder","6/15/20"
"The Office (U.S.): Season 6: Double Date","6/15/20"
"The Office (U.S.): Season 6: Koi Pond","6/14/20"
"The Office (U.S.): Season 6: The Lover","6/14/20"
"The Office (U.S.): Season 6: Mafia","6/14/20"
"The Office (U.S.): Season 6: Niagara: Part 2","6/14/20"
"The Office (U.S.): Season 6: Niagara: Part 1","6/14/20"
"The Office (U.S.): Season 6: The Promotion","6/14/20"
"The Office (U.S.): Season 6: The Meeting","6/14/20"
"The Office (U.S.): Season 6: Gossip","6/14/20"
"The Office (U.S.): Season 5: Company Picnic","6/14/20"
"The Office (U.S.): Season 5: Cafe Disco","6/14/20"
"The Office (U.S.): Season 5: Casual Friday","6/14/20"
"The Office (U.S.): Season 5: Broke","6/14/20"
"The Office (U.S.): Season 5: Heavy Competition","6/14/20"
"The Office (U.S.): Season 5: Michael Scott Paper Company","6/14/20"
"The Office (U.S.): Season 5: Dream Team","6/14/20"
"The Office (U.S.): Season 5: Two Weeks","6/13/20"
"The Office (U.S.): Season 5: New Boss","6/13/20"
"The Office (U.S.): Season 5: Golden Ticket","6/13/20"
"The Office (U.S.): Season 1: Diversity Day","6/13/20"
"The Office (U.S.): Season 5: Blood Drive","6/13/20"
"The Office (U.S.): Season 5: Lecture Circuit: Part 2","6/13/20"
"The Office (U.S.): Season 5: Lecture Circuit: Part 1","6/13/20"
"The Office (U.S.): Season 5: Stress Relief: Part 2","6/13/20"
"The Office (U.S.): Season 5: Stress Relief: Part 1","6/13/20"
"The Office (U.S.): Season 5: Prince Family Paper","6/13/20"
"The Office (U.S.): Season 5: The Duel","6/13/20"
"The Office (U.S.): Season 5: Moroccan Christmas","6/13/20"
"The Office (U.S.): Season 5: The Surplus","6/13/20"
"The Office (U.S.): Season 5: Frame Toby","6/13/20"
"The Office (U.S.): Season 5: Business Trip","6/13/20"
"The Office (U.S.): Season 5: Customer Survey","6/13/20"
"The 100: Season 1: Murphy's Law","6/12/20"
"The 100: Season 1: Earth Kills","6/12/20"
"The 100: Season 1: Earth Skills","6/12/20"
"The 100: Season 1: Pilot","6/12/20"
"The Office (U.S.): Season 5: Employee Transfer","6/12/20"
"The Office (U.S.): Season 5: Crime Aid","6/12/20"
"The Office (U.S.): Season 5: Business Ethics","6/12/20"
"The Office (U.S.): Season 5: Weight Loss: Part 2","6/12/20"
"The Office (U.S.): Season 5: Weight Loss: Part 1","6/12/20"
"The Office (U.S.): Season 4: Goodbye, Toby","6/12/20"
"The Office (U.S.): Season 4: Job Fair","6/12/20"
"The Office (U.S.): Season 4: Did I Stutter","6/12/20"
"The Office (U.S.): Season 4: Night Out","6/12/20"
"The Office (U.S.): Season 4: The Chair Model","6/12/20"
"The Office (U.S.): Season 4: Dinner Party","6/12/20"
"The Office (U.S.): Season 4: The Deposition","6/12/20"
"The Good Place: Season 1: Flying","6/12/20"
"The Good Place: Season 1: Everything Is Fine","6/12/20"
"The Help","6/12/20"
"Jane The Virgin: Season 5: Chapter One Hundred","6/11/20"
"Jane The Virgin: Season 5: Chapter Ninety-Nine","6/10/20"
"Jane The Virgin: Season 5: Chapter Ninety-Eight","6/10/20"
"Jane The Virgin: Season 5: Chapter Ninety-Seven","6/10/20"
"Jane The Virgin: Season 5: Chapter Ninety-Six","6/10/20"
"Jane The Virgin: Season 5: Chapter Ninety-Five","6/10/20"
"Jane The Virgin: Season 5: Chapter Ninety-Four","6/10/20"
"Jane The Virgin: Season 5: Chapter Ninety-Three","6/10/20"
"Jane The Virgin: Season 5: Chapter Ninety-Two","6/10/20"
"Jane The Virgin: Season 5: Chapter Ninety-One","6/10/20"
"Jane The Virgin: Season 5: Chapter Ninety","6/9/20"
"Jane The Virgin: Season 5: Chapter Eighty-Nine","6/9/20"
"Jane The Virgin: Season 5: Chapter Eighty-Eight","6/9/20"
"Jane The Virgin: Season 5: Chapter Eighty-Seven","6/9/20"
"Jane The Virgin: Season 5: Chapter Eighty-Six","6/8/20"
"Jane The Virgin: Season 5: Chapter Eighty-Five","6/8/20"
"Lady Bird","6/8/20"
"Jane The Virgin: Season 5: Chapter Eighty-Four","6/8/20"
"Jane The Virgin: Season 5: Chapter Eighty-Three","6/8/20"
"Jane The Virgin: Season 5: Chapter Eighty-Two","6/7/20"
"Jane The Virgin: Season 4: Chapter Eighty-One","6/7/20"
"Jane The Virgin: Season 4: Chapter Eighty","6/7/20"
"Jane The Virgin: Season 4: Chapter Seventy-Nine","6/7/20"
"Jane The Virgin: Season 4: Chapter Seventy-Eight","6/7/20"
"Jane The Virgin: Season 4: Chapter Seventy-Seven","6/7/20"
"Jane The Virgin: Season 4: Chapter Seventy-Six","6/7/20"
"Jane The Virgin: Season 4: Chapter Seventy-Five","6/7/20"
"Jane The Virgin: Season 4: Chapter Seventy-Four","6/6/20"
"Jane The Virgin: Season 4: Chapter Seventy-Three","6/6/20"
"Jane The Virgin: Season 4: Chapter Seventy-Two","6/6/20"
"Jane The Virgin: Season 4: Chapter Seventy-One","6/6/20"
"Jane The Virgin: Season 4: Chapter Seventy","6/6/20"
"Jane The Virgin: Season 4: Chapter Sixty-Nine","6/6/20"
"Jane The Virgin: Season 4: Chapter Sixty-Eight","6/6/20"
"Jane The Virgin: Season 4: Chapter Sixty-Seven","6/6/20"
"Jane The Virgin: Season 4: Chapter Sixty-Six","6/6/20"
"Jane The Virgin: Season 4: Chapter Sixty-Five","6/6/20"
"Jane The Virgin: Season 3: Chapter Sixty-Four","6/6/20"
"Jane The Virgin: Season 3: Chapter Sixty-Three","6/6/20"
"Jane The Virgin: Season 3: Chapter Sixty-Two","6/5/20"
"Jane The Virgin: Season 3: Chapter Sixty-One","6/5/20"
"Jane The Virgin: Season 3: Chapter Sixty","6/5/20"
"Jane The Virgin: Season 3: Chapter Fifty-Nine","6/5/20"
"Jane The Virgin: Season 3: Chapter Fifty-Eight","6/5/20"
"Jane The Virgin: Season 3: Chapter Fifty-Seven","6/5/20"
"Jane The Virgin: Season 3: Chapter Fifty-Six","6/5/20"
"Jane The Virgin: Season 3: Chapter Fifty-Five","6/5/20"
"Jane The Virgin: Season 3: Chapter Fifty-Four","6/5/20"
"Jane The Virgin: Season 3: Chapter Fifty-Three","6/5/20"
"Jane The Virgin: Season 3: Chapter Fifty-Two","6/4/20"
"Jane The Virgin: Season 3: Chapter Fifty-One","6/4/20"
"Jane The Virgin: Season 3: Chapter Fifty","6/4/20"
"Jane The Virgin: Season 3: Chapter Forty-Nine","6/3/20"
"Jane The Virgin: Season 3: Chapter Forty-Eight","6/3/20"
"Jane The Virgin: Season 3: Chapter Forty-Seven","6/2/20"
"Jane The Virgin: Season 3: Chapter Forty-Six","6/2/20"
"Jane The Virgin: Season 3: Chapter Forty-Five","6/2/20"
"Jane The Virgin: Season 2: Chapter Forty-Four","6/1/20"
"Jane The Virgin: Season 2: Chapter Forty-Three","6/1/20"
"Jane The Virgin: Season 2: Chapter Forty-Two","6/1/20"
"Jane The Virgin: Season 2: Chapter Forty-One","6/1/20"
"Jane The Virgin: Season 2: Chapter Forty","6/1/20"
"Jane The Virgin: Season 2: Chapter Thirty-Nine","6/1/20"
"Jane The Virgin: Season 2: Chapter Thirty-Eight","6/1/20"
"Jane The Virgin: Season 2: Chapter Thirty-Seven","6/1/20"
"Jane The Virgin: Season 2: Chapter Thirty-Six","6/1/20"
"Jane The Virgin: Season 2: Chapter Thirty-Five","6/1/20"
"Jane The Virgin: Season 2: Chapter Thirty-Four","6/1/20"
"Jane The Virgin: Season 2: Chapter Thirty-Three","6/1/20"
"Jane The Virgin: Season 2: Chapter Thirty-Two","6/1/20"
"Jane The Virgin: Season 2: Chapter Thirty-One","6/1/20"
"Jane The Virgin: Season 2: Chapter Thirty","6/1/20"
"Jane The Virgin: Season 2: Chapter Twenty-Nine","5/31/20"
"Jane The Virgin: Season 2: Chapter Twenty-Eight","5/31/20"
"Jane The Virgin: Season 2: Chapter Twenty-Seven","5/31/20"
"Jane The Virgin: Season 2: Chapter Twenty-Six","5/31/20"
"Jane The Virgin: Season 2: Chapter Twenty-Five","5/31/20"
"Jane The Virgin: Season 2: Chapter Twenty-Four","5/31/20"
"Jane The Virgin: Season 2: Chapter Twenty-Three","5/31/20"
"Jane The Virgin: Season 1: Chapter Twenty-Two","5/31/20"
"Jane The Virgin: Season 1: Chapter Twenty-One","5/31/20"
"Jane The Virgin: Season 1: Chapter Twenty","5/31/20"
"Jane The Virgin: Season 1: Chapter Nineteen","5/31/20"
"Jane The Virgin: Season 1: Chapter Eighteen","5/30/20"
"Jane The Virgin: Season 1: Chapter Seventeen","5/30/20"
"Jane The Virgin: Season 1: Chapter Sixteen","5/30/20"
"Jane The Virgin: Season 1: Chapter Fifteen","5/30/20"
"Jane The Virgin: Season 1: Chapter Fourteen","5/30/20"
"Jane The Virgin: Season 1: Chapter Thirteen","5/30/20"
"Jane The Virgin: Season 1: Chapter Twelve","5/30/20"
"Jane The Virgin: Season 1: Chapter Eleven","5/30/20"
"Jane The Virgin: Season 1: Chapter Ten","5/30/20"
"Jane The Virgin: Season 1: Chapter Nine","5/30/20"
"Jane The Virgin: Season 1: Chapter Eight","5/30/20"
"Jane The Virgin: Season 1: Chapter Seven","5/29/20"
"Jane The Virgin: Season 1: Chapter Six","5/29/20"
"Jane The Virgin: Season 1: Chapter Five","5/29/20"
"Jane The Virgin: Season 1: Chapter Four","5/29/20"
"Jane The Virgin: Season 1: Chapter Three","5/29/20"
"Jane The Virgin: Season 1: Chapter Two","5/28/20"
"Jane The Virgin: Season 1: Chapter One: Pilot","5/28/20"
"Grey's Anatomy: Season 2: Something to Talk About","5/27/20"
"Grey's Anatomy: Season 2: Into You Like a Train","5/27/20"
"Grey's Anatomy: Season 2: Bring the Pain","5/26/20"
"Grey's Anatomy: Season 2: Deny, Deny, Deny","5/26/20"
"Grey's Anatomy: Season 2: Make Me Lose Control","5/26/20"
"Grey's Anatomy: Season 2: Enough Is Enough (No More Tears)","5/26/20"
"Grey's Anatomy: Season 2: Raindrops Keep Falling On My Head","5/26/20"
"Grey's Anatomy: Season 1: Who's Zoomin' Who?","5/26/20"
"Grey's Anatomy: Season 1: Save Me","5/26/20"
"Grey's Anatomy: Season 1: The Self-Destruct Button","5/26/20"
"Grey's Anatomy: Season 1: If Tomorrow Never Comes","5/25/20"
"Grey's Anatomy: Season 1: No Man's Land","5/25/20"
"Grey's Anatomy: Season 1: Winning a Battle, Losing the War","5/25/20"
"Spenser Confidential","5/25/20"
"Gilmore Girls: A Year in the Life: Limited Series: Summer","5/25/20"
"Inglourious Basterds","5/25/20"
"Gilmore Girls: A Year in the Life: Limited Series: Spring","5/24/20"
"Gilmore Girls: A Year in the Life: Limited Series: Winter","5/24/20"
"Grey's Anatomy: Season 1: Shake Your Groove Thing","5/24/20"
"Grey's Anatomy: Season 1: A Hard Day's Night","5/22/20"
"Gilmore Girls: Season 7: Bon Voyage","5/22/20"
"Gilmore Girls: Season 7: Unto the Breach","5/22/20"
"Gilmore Girls: Season 7: Lorelai? Lorelai?","5/22/20"
"Gilmore Girls: Season 7: It's Just Like Riding a Bike","5/22/20"
"Gilmore Girls: Season 7: Hay Bale Maze","5/22/20"
"Gilmore Girls: Season 7: Gilmore Girls Only","5/22/20"
"Gilmore Girls: Season 7: Will You Be My Lorelai Gilmore?","5/22/20"
"Gilmore Girls: Season 7: I'm a Kayak, Hear Me Roar","5/22/20"
"Gilmore Girls: Season 7: Farewell, My Pet","5/21/20"
"Gilmore Girls: Season 7: I'd Rather Be in Philadelphia","5/21/20"
"Gilmore Girls: Season 7: To Whom It May Concern","5/21/20"
"Gilmore Girls: Season 7: Santa's Secret Stuff","5/21/20"
"Gilmore Girls: Season 7: Merry Fisticuffs","5/21/20"
"Gilmore Girls: Season 7: Knit, People, Knit","5/21/20"
"Gilmore Girls: Season 7: Introducing Lorelai Planetarium","5/21/20"
"Gilmore Girls: Season 7: French Twist","5/21/20"
"Gilmore Girls: Season 7: Go Bulldogs!","5/21/20"
"Gilmore Girls: Season 7: The Great Stink","5/21/20"
"Gilmore Girls: Season 7: 'S Wonderful, 'S Marvelous","5/21/20"
"Gilmore Girls: Season 7: Lorelai's First Cotillion","5/21/20"
"Gilmore Girls: Season 7: That's What You Get, Folks, For Makin' Whoopie","5/21/20"
"Gilmore Girls: Season 7: The Long Morrow","5/21/20"
"Gilmore Girls: Season 6: Partings","5/20/20"
"Gilmore Girls: Season 6: Driving Miss Gilmore","5/20/20"
"Gilmore Girls: Season 6: Super Cool Party People","5/20/20"
"Gilmore Girls: Season 6: I Get a Sidekick out of You","5/20/20"
"Gilmore Girls: Season 6: The Real Paul Anka","5/20/20"
"Gilmore Girls: Season 6: I'm OK, You're OK","5/20/20"
"Gilmore Girls: Season 6: Bridesmaids Revisited","5/20/20"
"Gilmore Girls: Season 6: A Vineyard Valentine","5/18/20"
"Gilmore Girls: Season 6: You've Been Gilmored","5/18/20"
"Gilmore Girls: Season 6: Friday Night's Alright for Fighting","5/18/20"
"Gilmore Girls: Season 6: Just Like Gwen and Gavin","5/17/20"
"Gilmore Girls: Season 6: The Perfect Dress","5/17/20"
"Gilmore Girls: Season 6: He's Slippin' 'Em Bread ... Dig?","5/17/20"
"Gilmore Girls: Season 6: The Prodigal Daughter Returns","5/17/20"
"Gilmore Girls: Season 6: Let Me Hear Your Balalaikas Ringing Out","5/17/20"
"Gilmore Girls: Season 6: Twenty-One is the Loneliest Number","5/17/20"
"Gilmore Girls: Season 6: Welcome to the Dollhouse","5/17/20"
"Gilmore Girls: Season 6: We've Got Magic to Do","5/17/20"
"Gilmore Girls: Season 6: Always a Godmother, Never a God","5/17/20"
"Gilmore Girls: Season 6: The Ungraduate","5/17/20"
"Gilmore Girls: Season 6: Fight Face","5/17/20"
"Gilmore Girls: Season 6: New and Improved Lorelai","5/16/20"
"Gilmore Girls: Season 5: A House is Not a Home","5/16/20"
"Gilmore Girls: Season 5: Blame Booze and Melville","5/16/20"
"Gilmore Girls: Season 5: How Many Kropogs to Cape Cod?","5/15/20"
"Gilmore Girls: Season 5: But I'm a Gilmore","5/15/20"
"Gilmore Girls: Season 5: To Live and Let Diorama","5/15/20"
"Gilmore Girls: Season 5: Pulp Friction","5/15/20"
"Gilmore Girls: Season 5: So...Good Talk","5/15/20"
"Gilmore Girls: Season 5: Jews and Chinese Food","5/15/20"
"Gilmore Girls: Season 5: Say Something","5/15/20"
"Gilmore Girls: Season 5: Wedding Bell Blues","5/15/20"
"Gilmore Girls: Season 5: Come Home","5/14/20"
"Gilmore Girls: Season 5: Women of Questionable Morals","5/13/20"
"Gilmore Girls: Season 5: But Not As Cute As Pushkin","5/13/20"
"Gilmore Girls: Season 5: Emily Says 'Hello'","5/13/20"
"Gilmore Girls: Season 5: The Party's Over","5/13/20"
"Gilmore Girls: Season 5: You Jump, I Jump, Jack","5/13/20"
"Gilmore Girls: Season 5: Norman Mailer, I'm Pregnant","5/13/20"
"Gilmore Girls: Season 5: We Got Us a Pippi Virgin","5/13/20"
"Gilmore Girls: Season 5: Tippecanoe and Taylor, Too","5/12/20"
"Gilmore Girls: Season 5: Written in the Stars","5/12/20"
"Gilmore Girls: Season 5: A Messenger, Nothing More","5/12/20"
"Gilmore Girls: Season 5: Say Goodbye to Daisy Miller","5/12/20"
"Gilmore Girls: Season 4: Raincoats & Recipes","5/12/20"
"Gilmore Girls: Season 4: Last Week Fights, This Week Tights","5/12/20"
"Gilmore Girls: Season 4: Luke Can See Her Face","5/11/20"
"Gilmore Girls: Season 4: Afterboom","5/11/20"
"Gilmore Girls: Season 4: Tick, Tick, Tick Boom","5/11/20"
"Gilmore Girls: Season 4: Girls in Bikinis, Boys Doin' the Twist","5/11/20"
"Gilmore Girls: Season 4: The Reigning Lorelai","5/11/20"
"Gilmore Girls: Season 4: Scene in a Mall","5/10/20"
"Gilmore Girls: Season 4: The Incredible Sinking Lorelais","5/10/20"
"Gilmore Girls: Season 4: Nag Hammadi Is Where They Found the Gnostic Gospels","5/10/20"
"Gilmore Girls: Season 4: A Family Matter","5/10/20"
"Gilmore Girls: Season 4: In the Clamor and the Clangor","5/10/20"
"Gilmore Girls: Season 4: The Nanny and the Professor","5/10/20"
"Gilmore Girls: Season 4: Ted Koppel's Big Night Out","5/10/20"
"Gilmore Girls: Season 4: Die, Jerk","5/10/20"
"Gilmore Girls: Season 4: The Festival of Living Art","5/10/20"
"Gilmore Girls: Season 4: An Affair to Remember","5/10/20"
"Gilmore Girls: Season 4: The Fundamental Things Apply","5/10/20"
"Gilmore Girls: Season 4: Chicken or Beef?","5/9/20"
"Gilmore Girls: Season 4: The Hobbit, the Sofa and Digger Stiles","5/9/20"
"Gilmore Girls: Season 4: The Lorelais' First Day at Yale","5/9/20"
"Gilmore Girls: Season 4: Ballrooms & Biscotti","5/9/20"
"Gilmore Girls: Season 3: Those Are Strings, Pinocchio","5/9/20"
"Gilmore Girls: Season 3: Here Comes the Son","5/9/20"
"Gilmore Girls: Season 3: Say Goodnight, Gracie","5/9/20"
"Gilmore Girls: Season 3: Keg! Max!","5/9/20"
"Gilmore Girls: Season 3: Happy Birthday, Baby","5/8/20"
"Gilmore Girls: Season 3: A Tale of Poes and Fire","5/8/20"
"Gilmore Girls: Season 3: The Big One","5/8/20"
"Gilmore Girls: Season 3: Face-Off","5/8/20"
"Gilmore Girls: Season 3: Swan Song","5/8/20"
"Gilmore Girls: Season 3: Dear Emily and Richard","5/8/20"
"Gilmore Girls: Season 3: Lorelai Out of Water","5/8/20"
"Gilmore Girls: Season 3: I Solemnly Swear...","5/2/20"
"Gilmore Girls: Season 3: That'll Do, Pig","5/2/20"
"Gilmore Girls: Season 3: A Deep-Fried Korean Thanksgiving","5/2/20"
"Gilmore Girls: Season 3: Let the Games Begin","5/2/20"
"Anne with an E: Season 1: An Inward Treasure Born","5/1/20"
"Gilmore Girls: Season 3: They Shoot Gilmores, Don't They?","5/1/20"
"Gilmore Girls: Season 3: Take the Deviled Eggs...","5/1/20"
"Gilmore Girls: Season 3: Eight O'Clock at the Oasis","5/1/20"
"Gilmore Girls: Season 3: One's Got Class and the Other One Dyes","5/1/20"
"Gilmore Girls: Season 3: Application Anxiety","5/1/20"
"Gilmore Girls: Season 3: Haunted Leg","5/1/20"
"Gilmore Girls: Season 3: Lazy-Hazy-Crazy Days","5/1/20"
"Gilmore Girls: Season 2: I Can't Get Started","5/1/20"
"Gilmore Girls: Season 2: Lorelai's Graduation Day","5/1/20"
"Gilmore Girls: Season 2: Help Wanted","4/30/20"
"Gilmore Girls: Season 2: Teach Me Tonight","4/30/20"
"Gilmore Girls: Season 2: Back in the Saddle Again","4/30/20"
"Gilmore Girls: Season 2: Dead Uncles & Vegetables","4/30/20"
"Gilmore Girls: Season 2: There's the Rub","4/30/20"
"Gilmore Girls: Season 2: Lost & Found","4/30/20"
"Gilmore Girls: Season 2: It Should've Been Lorelai","4/30/20"
"Gilmore Girls: Season 2: A-Tisket, A-Tasket","4/30/20"
"Gilmore Girls: Season 2: Richard in Stars Hollow","4/29/20"
"Gilmore Girls: Season 2: Secrets and Loans","4/29/20"
"Gilmore Girls: Season 2: The Bracebridge Dinner","4/29/20"
"Gilmore Girls: Season 2: Run Away Little Boy","4/29/20"
"Gilmore Girls: Season 2: The Ins & Outs of Inns","4/29/20"
"Gilmore Girls: Season 2: Like Mother, Like Daughter","4/29/20"
"Gilmore Girls: Season 2: Presenting Lorelai Gilmore","4/29/20"
"Gilmore Girls: Season 2: Nick & Nora/Sid & Nancy","4/28/20"
"Gilmore Girls: Season 2: The Road Trip to Harvard","4/28/20"
"Gilmore Girls: Season 2: Red Light on the Wedding Night","4/28/20"
"Gilmore Girls: Season 2: Hammers and Veils","4/28/20"
"Anne with an E: Season 1: But What Is So Headstrong as Youth?","4/28/20"
"Anne with an E: Season 1: I Am No Bird, and No Net Ensnares Me","4/28/20"
"Gilmore Girls: Season 2: Sadie, Sadie...","4/28/20"
"Gilmore Girls: Season 1: Love, Daisies and Troubadours","4/28/20"
"Gilmore Girls: Season 1: P.S. I Lo...","4/28/20"
"Gilmore Girls: Season 1: Emily in Wonderland","4/28/20"
"Gilmore Girls: Season 1: The Third Lorelai","4/28/20"
"Gilmore Girls: Season 1: The Breakup, Part II","4/28/20"
"Gilmore Girls: Season 1: Star-Crossed Lovers and Other Strangers","4/28/20"
"Gilmore Girls: Season 1: Christopher Returns","4/28/20"
"Gilmore Girls: Season 1: That Damn Donna Reed","4/27/20"
"Gilmore Girls: Season 1: Concert Interruptus","4/27/20"
"Gilmore Girls: Season 1: Double Date","4/27/20"
"Gilmore Girls: Season 1: Paris is Burning","4/27/20"
"Gilmore Girls: Season 1: Forgiveness and Stuff","4/27/20"
"Gilmore Girls: Season 1: Rory's Dance","4/27/20"
"Gilmore Girls: Season 1: Love & War & Snow","4/27/20"
"Gilmore Girls: Season 1: Kiss and Tell","4/27/20"
"Gilmore Girls: Season 1: Rory's Birthday Parties","4/26/20"
"Gilmore Girls: Season 1: Cinnamon's Wake","4/26/20"
"Gilmore Girls: Season 1: The Deer Hunters","4/26/20"
"Gilmore Girls: Season 1: Kill Me Now","4/26/20"
"Gilmore Girls: Season 1: The Lorelais' First Day at Chilton","4/26/20"
"Anne with an E: Season 1: Your Will Shall Decide Your Destiny","4/26/20"
"Gilmore Girls: Season 1: Pilot","4/26/20"
"National Treasure","4/3/20"
"The Office (U.S.): Season 3: Phyllis's Wedding","10/11/19"
"The Office (U.S.): Season 3: Women's Appreciation","10/11/19"
"The Office (U.S.): Season 3: Product Recall","10/11/19"
"Gossip Girl: Season 1: Victor, Victrola","10/11/19"
"Gossip Girl: Season 1: The Handmaiden's Tale","10/11/19"
"Gossip Girl: Season 1: Dare Devil","10/11/19"
"Gossip Girl: Season 1: Bad News Blair","10/11/19"
"The Kissing Booth","10/10/19"
"The Perfect Date","10/10/19"
"Parks and Recreation: Season 6: New Beginnings","9/28/19"
"Parks and Recreation: Season 6: Farmers Market","9/28/19"
"Parks and Recreation: Season 6: Flu Season 2","9/28/19"
"Gossip Girl: Season 1: Poison Ivy","9/28/19"
"Gossip Girl: Season 1: The Wild Brunch","9/28/19"
"Parks and Recreation: Season 6: Prom","9/21/19"
"Parks and Recreation: Season 7: Pie-Mary","9/21/19"
"Parks and Recreation: Season 7: Donna & Joe","9/21/19"
"Parks and Recreation: Season 7: Save JJ's","9/21/19"
"Parks and Recreation: Season 7: Gryzzlbox","9/14/19"
"Parks and Recreation: Season 7: 2017","9/14/19"
"Parks and Recreation: Season 6: One in 8,000","9/14/19"
"The Great British Baking Show: Collection 6: Patisserie Week","9/14/19"
"Parks and Recreation: Season 6: Galentine's Day","9/13/19"
"Parks and Recreation: Season 6: Anniversaries","9/13/19"
"Gossip Girl: Season 1: Pilot","9/13/19"
"Parks and Recreation: Season 6: Ann and Chris","8/23/19"
"Parks and Recreation: Season 6: Doppelgängers","8/23/19"
"47 Metres Down","8/20/19"
"Parks and Recreation: Season 5: Swing Vote","8/18/19"
"Parks and Recreation: Season 5: Leslie and Ben","8/18/19"
"Parks and Recreation: Season 5: Two Parties","8/18/19"
"Parks and Recreation: Season 5: Ron and Diane","8/18/19"
"Parks and Recreation: Season 5: Halloween Surprise","8/18/19"
"Parks and Recreation: Season 5: Partridge","8/17/19"
"Parks and Recreation: Season 5: Correspondents' Lunch","8/17/19"
"Parks and Recreation: Season 5: Ann's Decision","8/17/19"
"Parks and Recreation: Season 5: Soda Tax","8/17/19"
"Parks and Recreation: Season 4: Bus Tour","8/17/19"
"Parks and Recreation: Season 4: Campaign Shake-Up","8/12/19"
"Parks and Recreation: Season 4: Sweet Sixteen","8/12/19"
"Parks and Recreation: Season 4: Dave Returns","8/12/19"
"Parks and Recreation: Season 4: Bowling for Votes","8/12/19"
"Parks and Recreation: Season 3: Soulmates","8/12/19"
"Parks and Recreation: Season 3: The Fight","8/9/19"
"Parks and Recreation: Season 3: Andy and April's Fancy Party","8/9/19"
"Parks and Recreation: Season 4: Citizen Knope","8/9/19"
"Parks and Recreation: Season 4: The Trial of Leslie Knope","8/9/19"
"Parks and Recreation: Season 4: Smallest Park","8/9/19"
"Parks and Recreation: Season 4: The Comeback Kid","8/8/19"
"Parks and Recreation: Season 4: Operation Ann","8/8/19"
"Parks and Recreation: Season 3: The Bubble","8/8/19"
"Royal Pains: Season 1: Pilot","8/8/19"
"The Crown: Season 2: Dear Mrs. Kennedy","8/6/19"
"The Crown: Season 2: Vergangenheit","8/6/19"
"The Crown: Season 1: Scientia Potentia Est","8/6/19"
"Get Smart","8/4/19"
"The Crown: Season 2: Matrimonium","8/1/19"
"The Crown: Season 2: Marionettes","8/1/19"
"The Crown: Season 2: Beryl","7/26/19"
"The Office (U.S.): Season 4: Money","7/26/19"
"The Office (U.S.): Season 4: Dunder Mifflin Infinity","7/26/19"
"To All the Boys I’ve Loved Before","7/26/19"
"Set It Up","7/5/19"
"Ralph Breaks the Internet: Wreck-It Ralph 2","7/4/19"
"Murder Mystery","7/4/19"
"Sherlock: Series 3: His Last Vow","5/10/19"
"Parks and Recreation: Season 3: Eagleton","4/27/19"
"Parks and Recreation: Season 2: Sweetums","4/27/19"
"Leap!","4/27/19"
"Parks and Recreation: Season 7: One Last Ride","4/5/19"
"Parks and Recreation: Season 3: Indianapolis","3/22/19"
"Parks and Recreation: Season 3: Media Blitz","3/22/19"
"Parks and Recreation: Season 3: Time Capsule","3/22/19"
"Parks and Recreation: Season 2: Practice Date","3/22/19"
"Parks and Recreation: Season 2: Beauty Pageant","3/21/19"
